1, 2, 3, 4, 5, 6, 7, 8, 9, 10
-0.08727796367826567,-0.09424722144579274,-0.001035144612596611,-0.01672002075139141,-0.03917690515608872,-0.01559944391145805,0.01226719498866606,-0.001569520561785245,0.03874997221951796,-0.01277990534744313
0.006499202594629705,-0.04430960762160405,0.02059769578090856,-0.01836096906700907,-0.03363471848081342,0.02845762045989128,0.05104128199656437,-0.01640124004889833,-0.01371882158985981,-0.00240115465829466
-0.1129358482171246,-0.1117077186426386,-0.02512065154860366,-0.002303501720932666,-0.01954314056692694,-0.01368406711729387,0.0004133406574398405,-0.000726579197994824,0.03978412681475699,-0.009091323665541832
-0.1293498592710355,-0.1212686341425738,-0.0507703356465285,0.02245200443140883,0.01877118232801344,0.003125552282644821,-0.008521411435977913,0.002156504517760013,-0.01554064393902837,0.003890414443440664
-0.1293657378315402,-0.1225204616621099,-0.0548801123485158,0.0272777118917686,0.02095250372750352,0.002682370251605518,-0.01379640806698513,0.003629857789802458,-0.01202513872316024,0.001963952399114496
-0.1052042911698273,-0.1056220785427276,-0.03294591934776347,0.009364074604116347,-0.008165483780284893,-0.01189934167766813,-0.008320408245562965,-0.000346087443535071,0.04282785242558741,-0.01302162892794993
-0.04413225657135726,-0.06692933277931699,-0.02493290845596208,0.01417396890188866,0.01389138816236939,0.03442655711512514,0.02995001836649533,-0.01366285532597376,-0.03102471705569335,0.003222822175998737
-0.1024462664552543,-0.1033595616380518,-0.009691682596063027,-0.01255883755068449,-0.03650437761758547,-0.01538016726805862,0.001791113484337807,0.000478306203885529,0.04617436322008506,-0.01053117877842122
-0.1164375639125945,-0.1124512280291558,-0.05078840436460445,0.02683670425629642,0.01868128248703832,-0.001832738782287531,-0.01160103996395268,0.001838949189434071,0.006368963314205794,-0.006017800597119927
-0.127687637047001,-0.1175095016642708,-0.05756000085756471,0.03024691875510449,0.03046583334850916,0.006848387267829339,-0.01284012448492993,0.003295319775754934,-0.0284665159206194,0.007508673530688568
-0.125636579979313,-0.1181042014305246,-0.05859344755321221,0.03457808642636136,0.0321043435297505,0.007708960119592802,-0.01646551787027963,0.004546631218994166,-0.02630428398602336,0.003879856023138629
-0.003960867847868967,-0.03682488036387526,0.002337254892109995,0.0317431864456677,0.001280353515332121,-0.006523579435045229,-0.003343232188474408,-0.002359265075383177,0.03722593916172321,-0.0096118925185958
-0.1088952987681175,-0.1029893360896248,-0.04712243736043759,0.02952454401784102,0.03213964213537211,0.01363196324182082,-0.01187577006516243,0.003492135797153499,-0.03406636371748276,0.003265910236708176
-0.09638249334016238,-0.09888171690900978,-0.02347548242636834,0.002665782423041814,-0.0192504532028187,-0.01419803376730322,-0.00631593021123402,-0.0001787994124325479,0.05060014477496459,-0.01500760591710738
-0.08708244857947064,-0.08861981754227223,-0.03724487964409657,0.02471897463621854,0.01519917888822661,-0.003305509582542221,-0.00845358122969894,0.00459306958636559,0.0115598836216633,-0.01194424726149554
-0.1234863757182142,-0.1114140366676962,-0.05850327274369247,0.032553552793427,0.03599281667501551,0.007862520545099316,-0.01089288113381004,0.004004089571404531,-0.03420524423591741,0.00772380243860916
-0.1176221874863221,-0.1112203579514961,-0.03578784575542285,0.003630572644462094,-0.006277372285712423,-0.01143856131315664,-0.001549755282717699,-0.002556207342700386,0.03045282824214286,-0.003172415628119138
-0.1090620367421507,-0.1065419669933015,-0.05233430994958089,0.03451918512661294,0.03125805086976135,0.007331112897395101,-0.01587121802156277,0.004382972939072988,-0.01686691026888599,-0.002600672664116859
-0.09563579684251314,-0.09863267321864244,-0.03495581532085712,0.01528415680958367,-0.00188840468793869,-0.01027560267294368,-0.01095628731224979,-0.0003377055549748801,0.03796814735428419,-0.01389940970619201
0.04013023638174889,-0.04289666936339685,-0.04176955176479052,0.00970867284797325,0.005861469538992772,0.05898181050286898,0.03626468958736634,-0.004868382115191185,-0.02208972912509232,-0.0008214406579372882
-0.1149560131304141,-0.1044350329911394,-0.0538681655590017,0.03439986396039551,0.03692139330028412,0.011993938239592,-0.01556386711900083,0.006080472324495779,-0.03107334965258837,0.003161493533723718
-0.1226537644256343,-0.1089015506457747,-0.05753631971234278,0.03273052065452019,0.03654828075206876,0.008924748564068646,-0.01271923848945129,0.004506020722346693,-0.03344976379490292,0.006954831309397178
-0.1122472128354309,-0.1089118876842391,-0.01721399187018567,-0.008634497523407916,-0.02610202763924882,-0.01016531152521889,-0.0002297938020666157,-0.0003417918916342248,0.03599949455491675,-0.006312752287724818
-0.1261461272171684,-0.1190198895951588,-0.05454098706258619,0.02864396909593273,0.02275143483854438,0.002524177340631516,-0.01498218699972953,0.003637556125123534,-0.00991814973654496,0.0008852060584408896
-0.127103021332563,-0.1144480107594548,-0.05796761513409703,0.03200608514641305,0.03211466622201641,0.007416584499765254,-0.01451182884374364,0.005492572050391433,-0.0271900611645272,0.005609592401436668
-0.1235712679223401,-0.1046003962705061,-0.05739431643345704,0.03119429989208496,0.03330917088439685,0.008300285303172743,-0.01290538742568081,0.004162658889562004,-0.03124121961817028,0.00751570356394461
-0.121926935585006,-0.1172205637320281,-0.03671816141725222,0.009129090425107485,-0.00607185292330161,-0.006051177654785455,-0.007418938449488571,0.001594520800565747,0.02225554133881448,-0.00473226702889692
-0.06089776706648242,-0.07093426472038039,0.04552257319086868,-0.03469391621459528,-0.05563839554001302,0.004132381662770147,0.01610028168540611,-0.001236937849426644,0.007561160213708612,-0.007470589776793451
-0.1288515315108138,-0.1161855136610975,-0.05476641605924427,0.02723886400561964,0.02437462538823551,0.005005781863508999,-0.01360538380054156,0.00528345932217234,-0.01796347177068383,0.004274212693927425
-0.1220572206731702,-0.1048285353545449,-0.05012352075527254,0.023828985939267,0.02993304589300695,0.008875984903928626,-0.01046185318770582,0.00295865533940194,-0.02603632294605899,0.007290441608514936
-0.1036746502714479,-0.0969284802006399,0.004744269589218841,-0.02047619034373105,-0.03730227260726418,-0.004396012942538168,0.0001645020287725702,0.003348972741028163,0.01823227589477362,-0.003083889748173362
-0.04822994695868672,0.08493270218295629,-0.03160976280493536,-0.005354362891525357,0.03766022135219002,-0.02178657194270141,0.05070277178845907,0.01971473446818347,-0.0002774555996575854,0.009739671654556768
-0.05432309229669385,0.07724953397362443,-0.03754160030729251,-0.001534742946958963,0.03435834416707752,-0.02404324200917666,0.0517336580710518,0.01544392632608156,-0.004361215543751518,0.009812509212192205
-0.0510697507403287,0.1044700188470915,-0.02818961179994858,0.005550974404881654,0.02485990545913,-0.001968159700073957,0.02242181865268692,0.02003850978677957,0.002034588762433558,-0.001682563166383341
-0.05230242008389819,0.1291939679194347,-0.02142165353963198,-0.002849928755698649,0.01127405114377563,0.001885744873781842,0.01062002776747337,0.03211497041770967,0.01458866096357621,0.01732331405815896
-0.05948410662201797,0.1070920582195694,-0.0403141527805177,0.01745431576486807,0.01230353312977329,-0.001653700818616967,0.01862955988232779,0.01063954462968464,-0.005727580837338948,-0.007115383546444361
-0.04692405712917853,0.08450193515433564,-0.03475357052470527,-0.01031909579610048,0.03049727283214382,-0.03525718213241497,0.0557087979209102,0.009022272911320423,0.0008497232300518791,0.01175892500583748
-0.05699731927293625,0.08975223350957148,-0.0386487307504327,0.0009578660548102477,0.03501941406089625,-0.02070201065626383,0.05077406656299682,0.02013965569353376,-0.0032102290722413,0.007725880765623068
-0.05520286298654104,0.129292380543945,-0.03160851543325761,0.005904872507593462,0.01479806662884924,-0.00374564283927112,0.02038721919393361,0.02862524080525404,0.01214879812524577,0.004337247250781631
-0.05034544845898226,0.117404880943464,-0.01916737181103007,-0.005213760478470118,0.03291300472392755,-0.002014478794406569,0.02273961885410051,0.0387110319601613,0.01767372952031513,0.002180535820877521
-0.04925688639843328,0.1188797925312854,-0.01454534026120319,-0.003153679187474097,-0.01199162830121093,0.01597436434296318,-0.01969561162281043,0.007776785672872287,0.003722992853510434,0.03260314630406718
-0.04356501231655739,0.09745436751739642,0.01407239061343141,-0.02698688236755372,0.01565872311400773,0.01547480774219921,-0.01093331800518641,0.02528872753071977,0.008961916819310701,0.03216011095483679
-0.04743468124364975,0.1270769168557914,-0.03988847143575534,0.0150075617756957,0.0001242363491410924,-0.01416713057106696,0.02587574289674937,0.02212997678670222,0.01116312328590115,-0.009551590935672042
-0.05400471573990807,0.1270191827062528,-0.04274108269522684,0.01723050941786386,-0.01194939681913781,-0.009914226003929561,0.01394912861795741,0.01568152803408308,0.01041511099718315,-0.001343620377980432
-0.05061821841268514,0.1356906272447805,-0.04445446552211386,0.02368986355862172,-0.01014802436265882,-0.01078280859096768,0.0190002065908864,0.01603390548209094,0.008659362400879715,-0.01882725673473221
-0.04501289953367721,0.1052751084608937,-0.01115083029005968,-0.001733276950107062,-0.03929479162234813,0.01442760757862045,-0.02861258569719046,0.003458992406192978,0.001268386253620305,0.04221820727535201
-0.04817471813261644,0.1201249465852803,-0.04001918433579527,0.01168190972110166,0.003966833367329874,-0.01802436351948417,0.03038641378301399,0.02019662231486923,0.01066713287453512,-0.007162526148370535
-0.0516636286851911,0.137974225491886,-0.04569115886514689,0.02556070552611465,-0.0132919463862283,-0.00942113793094123,0.0158302368480365,0.01255719081989255,0.007383138497292291,-0.02054341671009434
-0.05912017932238236,0.1230646403055991,-0.04632381688319645,0.02737622139534157,-0.01903280483510441,0.001921210564507003,-0.003024112478871843,-0.003984612454306982,-0.005425920398379349,-0.007474096942845937
-0.08300506513158799,0.05139975064192068,-0.04463033514695233,0.01541384396352805,0.02781284911644592,-0.004219329368762043,0.01741850583888421,0.01787579426594398,-0.002252142443972789,-0.007520121691739111
-0.05543930522621661,0.1209156294361958,-0.04545361487299038,0.02842043599249777,-0.0438093958586738,0.0007140924716043634,-0.01509146121528226,-0.01488024343269675,-0.003927215295978163,0.001929233650754524
-0.05046635890987917,0.1122256246275238,-0.0340648309024921,0.01920189756033599,-0.05115061269073675,0.008635223497429491,-0.0291626452444606,-0.0176780953721504,-0.004274561598905552,0.0239472119051256
-0.05054514410807144,0.1348875035472314,-0.04396811447707231,0.03055396778411924,-0.04923528760621722,0.00340862812277087,-0.02001207054623766,-0.01677709807303414,-0.005000441818464928,-0.001388134011055162
-0.04980995465703324,0.1167204188913609,-0.03259439375462605,0.02114017196537663,-0.01548447737711392,0.008921323585521017,-0.01163668565289689,-0.01275657026050153,-0.006466670387128764,-0.01896529326166578
-0.04620153977406221,0.1302929609820088,-0.04759180115720665,0.03857825411976289,-0.04723788011708532,-0.0007615126270185626,-0.01559391045745937,-0.0253620244940746,-0.007811353552337048,-0.03163189841093177
-0.04822449683389637,0.1213278334481879,-0.02013170036313662,0.001543224246053474,0.01147971367575353,0.007818835543582899,-0.002166450523531858,0.01980349696069974,0.01191921137132139,0.003099116894068457
-0.04551914761115357,0.1207175292694396,-0.03707844341208558,0.02677893722742135,-0.05351448321267251,0.007892902785595875,-0.02901732894991808,-0.02211200524719249,-0.007165338757160312,0.007195275835058337
-0.05825750071495586,0.06074683775993801,-0.006588001894846324,-0.009593558990995048,-0.03791270561340732,0.01796247703281176,-0.03316065023024967,-0.0101704821733471,-0.002353579289617492,0.04438805068898582
-0.04881344681687931,0.1339863392133505,-0.04671898094119946,0.03562797849785373,-0.04850626835927142,0.001822219260524214,-0.01853722649848633,-0.02249407972081962,-0.006967852159208611,-0.01744709075644012
-0.07273922158912847,0.08564569275557214,-0.04535971912466187,0.02411937035810817,-0.03084520964224412,0.007543501706211212,-0.02062992980844258,-0.01359500450902898,-0.008881956285275206,0.01428106433953152
-0.04208236270570404,0.06932160399112797,0.009380714636663233,-0.01543640640939422,-0.05418333389942197,0.02092918923793475,-0.03924073740568977,-0.004917416028993835,-0.003400054034881242,0.04785744256326654
-0.05077977858933909,0.1355825915145036,-0.04505559032817249,0.02997096631615947,-0.01995542986436762,-0.003389376077973714,0.002496451237228759,-0.002319902033425811,0.001096225159630451,-0.03287702598866483
-0.05073055600450252,0.1132376942972886,-0.04744548012213604,0.03633794319978575,-0.0432002103037082,-0.0006288668906203573,-0.01406996828145724,-0.0280488425940808,-0.009556732012776539,-0.02876910871797997
-0.0444191548083198,0.1260900682329178,-0.04682745076826638,0.03915360527267413,-0.04592734593951023,-0.00133702751108987,-0.01423789391445397,-0.02697648001072613,-0.008745981195555454,-0.03754872845645689
-0.03752631984507727,0.09791209277371242,-0.01980485911632198,0.01301541403222009,-0.03506817509575146,0.01713877243196421,-0.03505564700203526,-0.01962979143046667,-0.006594618214437102,0.0113353003177554
-0.04882785647250787,0.1319633115099917,-0.0454197482463531,0.03066081743271972,-0.0176033564697009,-0.006441949701517177,0.008253846192701746,-0.002626429135153091,0.0001428113615268352,-0.03731214574479658
-0.04629839264105689,0.123837227288119,-0.03700071230511502,0.02743957185617663,-0.03821387875991423,0.008588591830445224,-0.02195162042555642,-0.02168397177343416,-0.008178442124201652,-0.01393576641837199
-0.04550240047569074,0.1296147182281565,-0.04866149692362422,0.04110387362849752,-0.04775416284403883,-0.001738989099665934,-0.01445189000438167,-0.02818037683393802,-0.009069322938075001,-0.04115557720677211
-0.03639928224665271,-0.03256446488991308,0.03123839139443656,-0.0514191883752024,-0.02549254736199668,-0.02422668753593069,0.03243792216330676,-0.0141162888530726,0.004995080375434355,0.006791804302621733
-0.04634713995106261,-0.06018585177302775,0.06222751493703191,-0.03059972601216384,-0.06232122855478336,-0.01918810288251317,0.01256105602977996,0.0163380808503294,0.007132322860695323,-0.01279501619060348
-0.0344214696537735,-0.02751710527548077,0.09212519822008626,-0.05374187172620111,-0.05290204369241543,0.003282139005393452,0.002468827903747783,0.007961937222743931,-0.01287752422527709,-0.007336754432698003
-0.09083241063014419,-0.07321153714012585,-0.005346945342614845,-0.02507577257047185,-0.003896008375071764,-0.01270991829879991,0.02168029051883662,-0.0116834997775704,0.005068771998887221,0.008461139607206188
-0.06863925024684137,-0.06928445984645942,0.05382165647524971,-0.04478487439509288,-0.0684658949009216,-0.007213834325762591,0.002714316954236048,0.00931368746625846,0.0224383357112718,-0.01135172550368735
-0.01938171205965352,-0.001304490558345171,0.09709356161482184,-0.04511474747289575,-0.04860892587749641,0.00406789791005864,-0.01131554795128263,0.01363441663440293,-0.02084510813751428,0.0005447538084460896
-0.03077257309177323,-0.04227059408250778,0.0894864397917389,-0.03669200566029374,-0.06906198684536782,-0.003716748180727061,0.009294848944200393,0.01108155079109674,-0.009687048483990207,-0.01188902164575618
-0.04830310694387777,0.06263682637107022,0.01668773873176466,-0.02554123315095064,-0.05353027965114956,0.01833394100912274,-0.0336326897712399,-0.001279962910134006,0.001166158505342916,0.05113028004617916
-0.004654206800452131,-0.01752662025885419,0.1088947686599982,-0.02515040917901461,-0.04642375926148875,-0.002549575066491218,0.002901035403458308,0.01253553146399305,-0.02380194552843496,-0.01515091991636284
-0.05367184637389154,-0.06253069282416976,0.0662213785114267,-0.03728464780737686,-0.06415092744579989,-0.01161357781536247,0.005888181169919398,0.01344865478084746,0.009386436203048925,-0.01318590569467462
-0.04557602956374426,0.0292682229679769,0.04011003626101869,-0.0364966164980893,-0.06584530992653387,0.01388897311762686,-0.02858575480127871,0.001687078684171923,-0.002304224498906101,0.038285107171226
-0.06016346711775241,-0.04021623715528647,0.06497933387617703,-0.0536486003990785,-0.0679555949860073,0.003141040440145723,-0.007612802999071283,0.00914770564400879,0.01025936987388044,0.005103765390697932
-0.04301073718658724,-0.04006574111466656,0.07657740395694694,-0.04660639117258426,-0.06172115889446993,0.01151524833347182,0.00241195468373106,0.0007357572841391066,-0.00611581213661257,-0.002584930570264651
-0.1044493391173838,-0.08708037381819404,0.0006655022533676081,-0.01985598271461999,-0.0371316021091033,-0.002280037159408402,-0.004375797215619942,0.002668884584177786,0.01834376500912285,0.005831984845320851
-0.02253381338416374,0.01309253787610731,0.07966654168338308,-0.04439607833225798,0.0005737376369692588,0.03159265824264645,-0.008529718883870455,-0.013514032686727,-0.02032591669997724,0.004482354579064118
-0.04344551505658389,0.04408130400459061,0.0415654500136748,-0.04213453207925375,-0.02723920713188389,0.02771261301283147,-0.03022451143131361,-0.003946515363611942,-0.008026644485900486,0.03920654216379996
-0.04246647436335803,0.09155522649948986,-0.0005734337182637759,-0.006451461899021588,-0.01938971929429355,0.02420448441167329,-0.0267311337427676,-0.01496087451643521,-0.009791198923390684,0.01645107134504335
-0.07330539739988179,-0.03428477846295227,0.02399013010386309,-0.03890223572910597,0.009348303323332202,-0.001381721007345144,0.005693082234422389,0.0002660027773777321,0.004529307903754043,0.002250653539538224
-0.004788216591578516,-0.02084636112098164,0.09939364397454375,-0.03018687315279671,-0.05106442502366445,0.006003103106046926,0.01125634326662024,0.005689671270638992,-0.02840246084396157,-0.01520724332556481
-0.04481737588494417,-0.01980368031127689,0.07691693956134739,-0.05997566991286279,-0.03423081215062657,0.01112864213969481,-0.006854632218527487,0.004979765542203892,-0.006681288661421112,0.001807152565916252
-0.00254108492402693,-0.003415318751023969,0.09756138156195758,-0.03125198521144763,-0.01279633724181805,0.0241907020973319,-0.0001027903546204116,-0.01121576488854681,-0.02964648209342787,-0.01306869328133231
-0.007473422729725305,-0.01138968670050848,0.1019879482172759,-0.03383127822910638,-0.04326214017022231,-0.008787499658076046,-0.003554412710499151,0.01980254055896387,-0.02472191883904182,-0.01358694793781667
-0.03528203467162451,-0.03196407297396046,0.08836449629401222,-0.05102965012053355,-0.0553720929272877,-0.005412356701327509,-7.295677469562563e-05,0.01498059756480116,-0.006232183743181848,-0.009913064420068944
-0.03329832259931103,0.06736080775139074,0.04400460023936111,-0.04380146233926008,0.0564008085840625,0.02281741908968537,-0.00700943647614141,0.0128780404740737,0.00650023675718548,0.009035291636210615
0.01527421794443442,0.0244315314485606,0.02641852583186717,-0.03925729923223824,0.05649949631344562,-0.03301894100156381,-0.001362681017482453,-0.02282436911993362,-0.002871216768223276,-0.003733515298116105
-0.0303362297616188,0.03797631469659606,0.07086726676398893,-0.05245544590526302,-0.009374275944029195,0.01979500416744231,-0.01880591292568554,0.0140783670077364,-0.01144023254235544,0.02452715659333091
-0.007149272956237295,0.01938083458436922,0.09884282403056958,-0.0404331380368944,0.03161581931646573,0.01040347858600674,-0.01887657634212645,-0.007127099245248807,-0.01745737800717093,-0.01325746694252229
0.006574938379219269,0.002494399505291294,0.01872072681863296,-0.04916462691526183,0.01835917192600895,-0.04301198598032704,0.02811005192401712,-0.02001296435357763,-0.01418330138857389,0.007401164970979253
-0.04218897832829814,0.04054994453539594,-0.03050157622597988,-0.01728486012957977,0.0347837070324299,-0.03523362789327224,0.05267697993241449,-0.005222694145066251,-0.005501124522386084,0.01823186353403257
-0.03044430314222403,0.05977915951721481,0.0481098159439259,-0.03971699504930044,0.07384740503960663,0.01388572998437219,-0.0001444668326447815,0.01677858444553071,0.01061757871796899,-0.00589897539069776
0.03057775635123708,0.005294639310829737,0.06041954817323968,0.00661131418560138,0.03585677616306885,-0.02727495530055139,-0.01596950637846603,-0.00581968157143368,-0.00770769484787483,-0.01939567400017447
-0.026371988549353,0.05727977392327531,0.04830536409457255,-0.04046446482734354,0.06534616672797759,0.01487751440331463,0.004356297091615091,0.01167896654805553,0.007418842207173155,-0.001978492980930124
-0.007692050824259489,0.03830084937296959,0.07793533957867881,-0.03534403527022169,0.07344036834825213,0.0105388405756234,-0.02240897706125438,-9.367173574255433e-05,0.0087821318132569,-0.02034670632902309
-0.02245477594280371,0.06095379091579726,0.0494438644314561,-0.03903174686987196,0.08258558364332345,0.0202054862969012,-0.01376156603388968,0.01815921921563574,0.02021524784773469,-0.009866873955597124
0.01175722094751648,0.02158673322343593,0.06356260315920473,-0.02038810475640972,0.06244661458181233,-0.006106649967558409,-0.02324333097691727,-0.01243881099668521,0.00331285975154614,-0.02436799428518081
-0.03639200886791483,0.09111659177149083,0.02189257911355121,-0.02816685052362097,0.05730236458006076,0.01688174466981372,-0.004172094452689424,0.03175837632781519,0.01999904270291058,0.006435433912363868
0.003769188481781956,0.02107826624087852,0.07373297875559652,-0.03564676044014237,0.03060741576139738,-0.01360862387003767,-0.01552860821166516,0.008016882442391092,-0.01625256893857678,-0.0168617578588957
0.001984734321118059,0.0283472063394291,0.0754189789207247,-0.01971524761749916,0.07190600835675724,0.01513966713657211,-0.02267403438052552,-0.01730695323417706,0.008333787851758982,-0.01944774322073389
-0.02930400345859514,0.03803365580354553,0.04361682624570541,-0.03069030874771357,0.08672132317402551,0.02199823960327003,-0.01353344354908529,0.005913225776767593,0.006492063039408758,-0.01172740115138538
-0.0410367434732772,0.1010240702882725,-0.001845489914300939,-0.0108485712705684,0.03054907363058192,0.01511594595619008,-0.006474345710215748,0.0156988925253189,0.009705153573746158,0.001612597306218063
-0.04628016974489109,0.02539883182945745,0.04720272907540965,-0.03712617790554987,0.04336274452447261,0.03152914506009605,-0.01375250544096049,-0.004889495476290875,-0.013363449676774,0.007936376186578064
-0.02873898359782567,0.06207252367783891,0.04301458591369337,-0.03883243329134619,0.07016782261310911,0.01905039286929127,-0.01538045560434753,0.020129667211859,0.01780126060885605,-0.002281891361796106
-0.05485561150020522,-0.02247787421699454,0.03945730874091358,-0.02295799474633663,0.03702599686606816,0.03016311850061532,-0.001976935090409655,-0.01252373128905125,-0.02501679124645001,0.003202979426929332
-0.05322220570859272,-0.005286315296342747,0.03566595180056941,-0.03021183721123144,0.03117632984789256,0.02827996653731674,-0.006974974932864768,-0.01570445685213932,-0.02271284444544523,0.01285360237259395
-0.02914925097424915,0.06436057899508686,0.04656888960803979,-0.04256162117326247,0.06152980215503299,0.02619803295215883,-0.01768515392326555,0.01471708919454138,0.01247508170307922,0.001062589212025856
0.08431605011532099,-0.01594563232811374,0.01118717491433906,0.04666995679954604,-0.002148048296355135,-0.019457670502737,-0.00988910034111579,0.02232900716225395,0.004595467839664646,0.01016237270099941
0.02508310536175612,-0.01233985293958685,0.04513105254639842,0.01722185363131013,-0.01036749831326814,-0.02931363000749222,0.01283837872344859,0.02529090707830095,-0.02326879783141531,-0.01377555683084247
0.1169267085089659,-0.02384750330551326,-0.03642334236834159,-0.002578359100852925,-0.01109453324420954,-0.01461137047490183,-0.01844710240540932,0.04118535631674725,-0.01338385265055029,-0.008897900491543865
0.1087124366312085,-0.02179903526938386,-0.06669353604247318,-0.0385778396229984,-0.007177369166854812,0.01958050239319879,-0.008779878696529896,0.009585080945479968,-0.002889179228686873,-0.0160828434171653
0.131052672127551,-0.02547090104063709,-0.05564067291276407,-0.01329763198815759,-0.002012536638535325,-0.002747993848005658,-0.02341702137418059,0.01598682034940769,0.001269968799987095,-0.003977886789232907
0.05711160781266551,-0.01712470501418697,-0.04313770468703666,-0.05463484841119327,0.001833197646528408,-0.06320777237149905,0.009083016683421392,-0.01962214891855877,-0.0144761592450014,0.002777018281975059
-0.005631739833441098,-0.03038389790963748,-0.004357475043855783,-0.03215345847745417,-0.01961823035545888,-0.032095929499623,0.03439955150522156,-0.008658086526962887,-0.001096165276890505,-0.002057477257878303
-0.001939258957010436,-0.03783106008625026,-0.0007148055591312771,-0.02142772458108028,-0.02638009314433712,-0.01996240090154433,0.04151446055740794,-0.002993568034993658,0.003900549270566037,-0.003485765128214108
0.1049026596586857,-0.02003304438737143,-0.02712592448661242,-0.01360465056519884,0.000363933274922406,-0.04267681545311747,-0.02248041982604658,0.01406133119195597,-0.01480829046162351,-0.0025984457660295
0.01272750600844908,-0.02788629591046265,0.006612960871328458,-0.03299114739687981,-0.02326753526973872,-0.02500129251128578,0.04578260156179512,-0.0156953378065079,-0.007151467244765304,0.0006964202936193478
0.1140530030870588,-0.01895846449572921,-0.07290329294010392,-0.05228689648775798,0.0002006018194005839,-0.02742370285843861,-0.02196487248681984,0.002655791212069749,-0.01318102810744395,-0.009888750955227458
0.08322933745533043,-0.01325790343250984,-0.06366265455468884,-0.05366706829746204,0.004202073723196115,-0.03412923768613648,0.007261626708939158,-0.01459700966665313,-0.01566357246863203,-0.0009927349942504627
0.08416192047197589,-0.02547923310406794,-0.03688415494322957,-0.003884346291896393,-0.00963635913812734,0.05914816997767711,0.04724764517732012,-0.001969907880965186,-0.01147300192859176,-0.004564851986685811
0.05478317160418501,-0.0237730122449295,0.06954721775216213,0.04977156685364272,-0.03134239069652889,-0.01571396513952171,0.02021517188943299,0.03364605393695239,-0.02175924091378144,-0.005344113194222323
0.02418910338386479,0.002797983601602741,0.1049129180391489,0.009635043823646709,0.0240618092602761,-0.009607811188937145,-0.01593780816009206,-0.01122256572895074,-0.01587128402405671,-0.01930614568691255
0.09324146720747158,-0.01734792442610142,0.03857275885339027,0.06507112853088394,0.003585589544084382,-0.03239527387314761,-0.01424621185577153,0.01649480707914088,0.003407271065358089,0.01259974290552933
0.07238462190562946,-0.01833440810913933,0.06395511341126602,0.0772817796677461,-0.01414134452844728,-0.02324050083873283,0.00585338179983185,0.02970006762089834,-0.006748920619081817,0.006716655314127259
0.06842605829874246,-0.01448202901592985,0.07966028943551258,0.08106319868712115,-0.001857844459540985,-0.02817797019829895,-0.002957450888444799,0.01603376517286698,-0.006104334494270564,0.001777974484518341
0.02919685851747669,-0.01687333303320928,0.09775639839201089,0.02990778304161497,-0.0321004868435248,-0.02603105190189256,0.00456213652453331,0.02368971831749043,-0.02452970143480742,-0.01375590459218029
0.06986687978283752,-0.02036576959062611,0.05150514993360233,0.05063862607030029,-0.02391409213924823,-0.02148275714488828,0.0105292299786363,0.04249120769004104,-0.02078227456153241,1.644458662566619e-05
0.04065981338368879,0.0009694429428310512,0.09656912205218479,0.0452501099007377,0.03812504347402714,-0.009326954521217515,-0.01970848589071932,-0.0225602089030977,0.002938876107699277,-0.01721230292494029
0.09921663185960355,-0.01995046343040333,0.01085995935962012,0.04223113896317068,-0.007886989894064979,-0.03496801490738471,-0.01584099241089815,0.03948768732271157,-0.00972715818352924,0.003882796472594732
0.02121970130612565,-0.008294341062287465,0.09452452274345559,0.002760329509948505,-0.01711034036961981,-0.02444359783497689,-0.001424615174742676,0.02497254694918178,-0.03159836463893641,-0.01754798518654
0.06042323830497806,-0.009548299977452074,0.08398117253507184,0.073469980818958,0.01175695110286437,-0.02408232735122636,-0.008092376310086535,0.002782803294913092,-0.003119111914191636,-0.003707486637121748
0.06333790359442028,-0.008510800233014785,0.04895353792398755,0.04443029583917562,0.0229677409414768,0.002341707510316205,-0.005779274749553474,-0.01972649885650547,0.006386375088661608,-0.007458868166379654
0.01575045527187136,0.002726152985729329,0.1116477501047251,0.001490106234081815,0.01591667669099957,-0.002181318281382642,-0.01614291604995392,-0.009720425297515333,-0.01965788245254975,-0.02345862811183223
0.06632812652768544,-0.01818541996379122,0.03933634860447286,0.02956807030955034,-0.02007720161320289,-0.03651261248814916,0.004291955886582646,0.03548103596738913,-0.02531717223643371,-0.003571820089877363
0.05064205335039224,-0.01816583140093164,0.06957967211040558,0.04577692611817177,-0.02564572080170576,-0.03356834061863325,0.01127257763841842,0.0377217230006491,-0.02576812476164611,-0.005821813416252123
0.0185339846299798,0.001152131604758635,0.1046959892760616,0.004154659268071004,0.02167520928443761,0.008073868470495528,-0.01118880405962666,-0.02183654393580636,-0.01671651182788905,-0.02055098828881745
0.0471240212249911,0.005323865005628218,0.01429616440613401,-0.001734495534336181,0.04212857927502409,-0.01207159018773423,-0.01757848893385255,-0.03248888881728037,0.01456773290323304,-0.009980117857970875
0.03205924366759319,-0.009107741905538808,0.09270954402050291,0.02874513279617536,0.00719344084381784,0.0148700597082794,0.006763396031533316,-0.01948827522908697,-0.01451784453577644,-0.0150779825184173
0.02591538582336462,-0.01706656372925321,0.06185988352725307,-0.00449821049911202,-0.01831715847569085,0.04101966133788559,0.0306787297780918,-0.02162898592410078,-0.02413845408725493,-0.007644365350731365
0.01770258298203152,-0.009219892047365792,0.07799167549195538,0.01215084446896723,-0.01966309115493749,-0.01825964379287895,0.0178366718445539,0.02285616088078424,-0.0278828388815592,-0.01627547298466736
0.04805985400708732,-0.003228296089825797,0.05754268609808342,0.05103456197043664,0.03218301889832251,0.01297096432419219,-0.005290985881508993,-0.03168626670915302,0.0185231735753023,-0.007230885972946131
0.07485657533696999,-0.01462643416973497,0.04213545286001358,0.04895630831896157,-0.006630474900648965,-0.03709652479791462,-0.008584167275437834,0.03458607799087813,-0.01868915488483226,-0.002837393205323906
0.1276257821234672,-0.02290504027837396,-0.07511426967427813,-0.0486262472705362,0.0003377534396546702,-0.02757984884106962,-0.03457443325446544,0.005098425437910187,-0.008033016441639992,-0.00839330620092843
0.1351189068302915,-0.02676977129671945,-0.06299192933062479,-0.0195590728786925,-0.007161518331410007,0.000363105515747203,-0.02415486892350209,0.02675177360205195,-0.001631736448331251,-0.006677485150162379
0.08470730394086315,-0.01917575474999643,0.04193211464695714,0.06409643668076176,-0.01261302217112742,-0.02847415047274894,-0.002550953936979445,0.04302224517617707,-0.01051942621739286,0.003854279338773084
0.1211069130448662,-0.02272010089926402,-0.07497620049272202,-0.04831311146970358,-0.002845544744742733,-0.004859229443382881,-0.01042691623707322,0.002581003842837178,-0.009594953370532025,-0.01066819129125567
-0.0008381960249991542,0.04542151647802516,-0.0423732655026176,-0.02938017414863566,0.01299335666847845,-0.05411945004307735,0.04693329335689927,-0.01744043555939541,-0.009348589172858321,0.01262316174156174
0.1279382711717438,-0.02408996111002901,-0.05701114784105191,-0.02310103208472449,-0.002362168351714131,-0.02848905837935155,-0.03101974885052644,0.01855566841214362,-0.007440916325468102,-0.002561423722601675
0.09382562290625406,-0.01279552723991333,-0.05578899600143158,-0.05093514388781403,0.009859270467224773,-0.05663093180663519,-0.006347823931431298,-0.01789954458945876,-0.01818545225561108,0.003690324307009311
-0.01575306888147682,0.06670105656119023,-0.04553775899316378,-0.01824800843723555,0.00651225663488163,-0.04775133036163481,0.04787173314528204,-0.01241848201196183,-0.006245154750165766,0.01378209747222678
-0.007042079273979094,0.05672599843045719,-0.04397276561983519,-0.02068095342146157,0.009838360424682301,-0.05097081378376826,0.04501142830056951,-0.0128540187619421,-0.0077628308049342,0.009505281168430026
0.06912501293036402,-0.001969202336207039,-0.05175854483358839,-0.04880353246191763,0.01235639038411949,-0.06253587256681965,0.007679318483044031,-0.01407450426214414,-0.02014756618721044,0.002521960702267718
-0.01503304317119451,-0.009284449792936206,-0.02991838473300628,-0.03369051174721147,0.0301367027343188,-0.04014703508554925,0.04830270919028719,-0.02766367707121244,-0.0110185908235818,0.02029047184630205
0.1206946164179311,-0.02496289181142993,-0.06432619949717235,-0.04008690577623058,-0.002872231705890062,-0.01141516047170581,-0.004640666525357621,-0.001186535388544844,-0.01253002739128852,-0.004725834487190538
0.05575582469555099,-0.02556386705861285,0.01849426060179524,-0.0006802077222675604,-0.02225460404618898,0.04208772021985779,0.04885636423666249,-0.01267253015707108,-0.01771528751474206,0.001326802988441721
0.1363324770964446,-0.02745761691746569,-0.07277553926987762,-0.03081759065477718,-0.007059526065738047,0.01410555758131705,-0.01923293416687271,0.01905004649659292,0.0001136247006173437,-0.01084509581123526
0.1234111524263362,-0.02283638914625771,-0.0590225942322268,-0.02858540622646047,0.001975126457458279,-0.0239927023455532,-0.02613875132406508,0.002236987175134008,-0.003992399892025962,8.768851233713816e-05
0.1234152900757124,-0.02710900132714677,-0.03743965292727744,0.009368346660070914,-0.01293837712969587,0.02214000518764707,0.002883197783620674,0.03208665365045107,-0.002013433998354428,-0.003872532779685414
0.1146080037067826,-0.02241809516575558,-0.00983986830169592,0.03843078256907591,-0.002612721542810833,-0.01141115740173602,-0.01584774911940863,0.02374726316461188,0.008448815353595249,0.01149533967821949
0.1145504487418462,-0.01931017837185969,-0.06885787656108922,-0.04994211950991296,0.003719502744433133,-0.03261596232323691,-0.03436596355208582,-0.002629039063387319,-0.009207196360345886,-0.009140834441493158
0.05726356263672218,-0.01998873209715808,0.0280477558428282,0.00686982526120467,-0.02259406134074443,-0.01960099013233299,0.009411191224984492,0.03538386924012126,-0.02654349143379338,-0.01492930700566221
0.1205791019785516,-0.02549637517547518,-0.07150212415598813,-0.03739085129750189,-0.0084442163011181,0.02868564521308579,-0.00465359459221631,0.01187900869591166,-0.003092468709044217,-0.0169708961763617
0.1109246290121206,-0.0252658593960828,-0.05676945368017659,-0.01866886683110375,-0.01120126371745827,0.05337558486661043,0.01587086830816628,0.01140959596178385,0.00140703660118822,-0.01447966938084887
0.1179936223386469,-0.02021042219278396,-0.06483427017377384,-0.04372363794974089,0.001826331052623666,-0.04192322513343029,-0.0339477176537532,0.007009421357260675,-0.01358430469494344,-0.00642320761999753
0.1053155656205942,-0.02137642285648833,0.01030886511060618,0.05386070925627173,-0.004048577162056171,-0.01537086457266889,-0.007896085236135112,0.02655260953182661,0.00414156228534178,0.01087262654487308
0.08558604959398231,-0.008663026636089826,-0.04679224325651513,-0.04393416243946211,0.009410063700744806,-0.05965243925461001,-0.01901399021455389,-0.006771915931093505,-0.01979078497409793,-0.004445773649314371
0.1166866175572293,-0.02290458064541548,-0.0651999119001392,-0.0312648302487883,-0.003805085164010386,0.02568056840054885,-0.01402719133915359,0.009047157195474373,0.002639753439681689,-0.01659403026581792
0.1130144843282176,-0.02311386386417476,-0.05459644914827609,-0.01628160712043157,-0.003445552874222543,0.04059880101301463,-0.001893673271371955,0.004953570839360298,0.008000839475877472,-0.01375924908346337
0.1042392260696384,-0.0160241632517654,-0.05130576272913041,-0.03926387445353653,0.006534203475662393,-0.05387570071715285,-0.03116175284947623,0.0007274186222803061,-0.01610638211299504,-0.003858179566074539
0.1116012804236409,-0.02568814071226056,-0.03899715368483309,0.004223335797482042,-0.01439093087540899,0.04613672161779154,0.01406704537866787,0.02762210885032366,-0.0007219478849657264,-0.01084658525908612
0.02390534257464346,-0.000972422222121959,0.02886569396610745,0.01612918176688625,0.04758467757565719,0.01016456205657513,-0.01273907569042648,-0.02746981841918181,0.009916838890617043,-0.0180574787984
0.1256353374347153,-0.02295706773380668,-0.07234133532009293,-0.04386141323625749,-0.0004413181474655579,-0.01617014122965347,-0.03465596706479519,0.009144503549282836,-0.006061872827083948,-0.01193179913202246
0.128406908826253,-0.02402464387341892,-0.07266996967399332,-0.04088109472530659,-0.00324448511577717,-0.01005884959561413,-0.0327457534475465,0.01748141758677241,-0.007003426575047169,-0.01411930506717422
0.09095821643917715,-0.01265946337226397,-0.03128355001376838,-0.02310153538393902,0.01710994709273245,-0.01544970250092801,-0.02863416631851986,-0.01088040661526798,0.0001007340607596477,-0.01112345844212478
0.06291130233362924,-0.01627868866604834,0.02178376201963429,0.0136322547150681,0.0007364959655689068,0.04263877567001709,0.02876629943691095,-0.01871840698282052,-0.01288761758024439,-0.006672089218263444
0.1309939397456775,-0.02557405731523144,-0.05284676090746004,-0.0113567916976125,-0.004142219757063339,-0.0123936415731149,-0.02750627892410693,0.0229598182219877,-0.0008297400122971527,-0.001149380585871224
0.1282008666719895,-0.02347569863281944,-0.07278573399303336,-0.04347121094609876,-0.001836742248237476,-0.02212571845694791,-0.03678041447442949,0.01533635740220899,-0.009039681550917552,-0.01159880496553095
0.1256004214460573,-0.02707249675606651,-0.06149239387395201,-0.01702259999952526,-0.01117721147464888,0.04147981617421455,-0.0003989431943234839,0.02256671895895374,0.002137658145876885,-0.01305996999318412
0.0975501882700361,-0.01496499927677575,-0.03791564056683128,-0.02560470548092768,0.005047430385855137,-0.05185072108220015,-0.019129189814567,0.007510252607691673,-0.01908694311588588,-0.002357174113113235
0.115656691459265,-0.02526096504130638,-0.02024596157974649,0.0203462707016481,-0.01416339554305828,0.0007824971313495685,-0.002198312375856082,0.04186680497326455,-0.009877575353678508,-0.003374247545479683
0.1078774772149747,-0.02728474404338341,-0.02085665194645059,0.01731630936042107,-0.01652947128256725,0.03289353846358842,0.02298332747296904,0.02669093485317295,-0.01022435973573319,-0.00344850197385434
0.118060058850838,-0.02064243638478861,-0.06200699077842305,-0.03699716455044114,0.0008373628189871823,-0.0312488522835741,-0.03681321816308026,0.01351226712593063,-0.01155768066504178,-0.01050412779906217
0.04639897801939802,0.02175940164005293,-0.03149604663239892,-0.03104688084380344,0.01772223675381599,-0.05478525920476555,-0.005790738846044661,-0.007819063750012213,-0.01383280028790943,-0.009773839180062532
0.09639689616783251,-0.02630674491815198,-0.03538854851686797,-0.000701343584918027,-0.01281997609332312,0.07174617498946383,0.04627438676964825,-0.006094002109378095,-0.002117437658305101,-0.005437899034817177
0.08099797099088657,-0.02932005380083061,-0.03005456855550607,0.0004135965201200286,-0.01214351080988943,0.06567929005469425,0.04877098637341557,-0.008232203810667534,-0.008333056958693134,-0.003204894779783956
0.1224868448508537,-0.02749461274414559,-0.06042186234081254,-0.01498288157343234,-0.01174783351829704,0.05617392170201273,0.01202871111691019,0.0161385317320799,0.003655340982279212,-0.0126550861543225
0.0637266220623092,-0.01026733996118695,0.0397713590132563,0.05297652580857291,0.0185387949671054,0.02594029595208282,0.006281045787412435,-0.02526653804827373,0.01941737396620133,-0.002896542328373844
0.07636943542005985,-0.01674913601422694,0.01601093166648928,0.04769580642222394,0.003134254948332347,0.0388473885045743,0.01981113138762261,-0.01570527527081573,0.01543041214708374,0.00204409318641615
0.1299098890292349,-0.02790968706783982,-0.0663267265007991,-0.02063858945850884,-0.008903044196528086,0.04470627103123655,0.003172009089389708,0.01310548034786877,0.004686777877045597,-0.01149428738968547
0.1305021046425959,-0.02749897044526435,-0.06231620894661192,-0.01463187283041763,-0.008257982917106863,0.03950334560621958,-0.001717733788468263,0.01663931876131392,0.006614766008079274,-0.009310423675542684
0.1052927791609436,-0.02544683184948911,-0.001470991787583117,0.04433835599322051,-0.01234727899482795,0.032881548487073,0.02186979026156496,0.02383528601458801,0.000869240801922186,0.001338140650481445
0.1125808235903838,-0.01940344255736557,-0.04641572714101234,-0.008991932634487462,0.004438230665395749,0.008045298690881816,-0.01478498853595255,-0.0003418046437129959,0.01040862411453483,-0.003873389463783991
0.1159227400524865,-0.02815230028774899,-0.02405177895223854,0.02167466371083462,-0.01150691161330061,0.0454944744732886,0.02432608023560624,0.01177017912054588,0.002305507289149557,0.0008625681800434995
0.09879710964878398,-0.02796815380263671,-0.04167430445942986,-0.01486468037050103,-0.002810785304788496,0.0357380593624357,0.03592484174457412,-0.01905343570208678,-0.005040147566794071,0.005757822410066916
-0.08705429010601558,-0.0945299781742746,-0.006374288154693711,-0.01552420111327943,-0.03658206562567092,-0.0167056814086308,0.01427617540358913,-0.004202975941863447,0.04153716222418808,-0.01160186203935955
-0.03845213771579754,-0.06683265063590055,0.00774679460494687,-0.01450562752474657,-0.03210332975658752,0.01798599282142415,0.0425767352330844,-0.01469083954752352,0.0009757844651630781,-0.003350787182885253
-0.1167416796391913,-0.1134164839093001,-0.0286320742495104,0.0002960380154399964,-0.01538018291993734,-0.01268809089582167,0.002258930847746893,-0.0008288701493831247,0.03306429633251942,-0.007353161182702876
-0.1184634816011778,-0.1146675432970287,-0.03960406885948117,0.01146832122740515,-0.003169880267118002,-0.009068351055888298,-0.007379426249963273,0.0003964736345291276,0.02979517382081378,-0.007352346615932155
-0.1285650741150805,-0.1217436793577303,-0.05037765422783921,0.02288400822188316,0.01643682124315516,0.002658775010828791,-0.009925444682491662,0.002796155754944639,-0.01189783939324038,0.002073582375005668
-0.1275554555680963,-0.1209800109062728,-0.0560843690070631,0.02964919236600681,0.02380899403649266,0.002962349417215195,-0.01437252145825023,0.003661363271609612,-0.01394941842785233,0.00166799868628356
-0.08676260959915773,-0.09633079187265969,-0.04091386716625501,0.026256083895287,0.02210951142115398,0.02490084725482349,0.008657071663472068,-0.002261102405380307,-0.03312705826940353,0.002434012774833131
-0.1131748216344364,-0.110902114390472,-0.04714912829397126,0.02320461219147506,0.01136361573328445,-0.005295504201548452,-0.01064665467414966,0.001234973259337752,0.01854808516135219,-0.00913589291291269
-0.09662793172289534,-0.09307251035498346,0.003669986588730279,-0.02311143500547714,-0.04348752072002952,-0.01377102969841193,0.002965635951563425,0.0002055476004629132,0.04217918566125017,-0.006594196467557517
-0.09686102888647836,-0.09780897180672241,-0.02363710959295472,0.002054974827542376,-0.01846160345391986,-0.01452520793203721,-0.004888960845028025,-0.0004075723678418663,0.05094350687387647,-0.0146432911908197
-0.1282280904592924,-0.1198904465355049,-0.05848674364055809,0.03320835719730896,0.03033543610979796,0.007191794437650117,-0.01593612736536216,0.004462862495270665,-0.02542787524291059,0.004657180755727859
-0.1280575219053231,-0.1179302879290757,-0.05768284851404663,0.03014334989475715,0.03026456101417755,0.006916045455585972,-0.01271611226152741,0.00326675421344334,-0.02844552373731252,0.007577522789958967
-0.01990041202415095,-0.04510285225035706,-0.00337948702434513,0.02041021127583692,-0.002722379984616355,-0.004681330172253678,-0.001644517705948711,-0.00454524535404069,0.0407900018859373,-0.01382907502369634
-0.1224669349897217,-0.1123092701460896,-0.056372506230954,0.03122823260378122,0.03421588679005237,0.009255152939732066,-0.01236199624036326,0.002716382197732529,-0.03437833330363759,0.00807070843878103
-0.1021942171925018,-0.1023308594023562,-0.04444110093582927,0.0274942071006376,0.02008431472712319,0.001905631069781198,-0.01282010532536651,0.003100530220577542,0.003843410620188816,-0.008823208983542231
-0.114947600944975,-0.1017487192669339,-0.03492634407169914,0.002323978293517743,-0.006277731686444443,-0.01173802500510932,0.001482689663160423,-0.003323827476643525,0.02680760435869729,-0.0006818140321397817
-0.04313265423319065,-0.06770677700673206,-0.04303589865155528,0.02848459725107686,0.02637087789648013,0.03920423357993895,0.02109814810916843,-0.005475903781795141,-0.03562995754836099,0.004287825668712929
-0.09537254824278674,-0.09810288607653131,-0.02334327583645388,0.002834290766667783,-0.01880973505640456,-0.01389727851694734,-0.006502384488557222,-0.0001677558218261497,0.04977770873875523,-0.01476717263923617
-0.114877571343329,-0.1033847110782678,-0.05471267156903677,0.03430616291758534,0.03629458044066821,0.009855313718235836,-0.01433084287113816,0.007332991856423083,-0.02977840877708279,0.003020237349894604
-0.1215223396195714,-0.1087171724764337,-0.05691985194376269,0.03361243008652186,0.03599445383702611,0.009750391397903473,-0.0151793852049493,0.004905841293812336,-0.03297427374837814,0.006015696758470065
-0.09064577515233151,-0.09411569423144382,-0.03541817972535329,0.0178803359265502,0.002579523203530274,-0.0088905326707146,-0.01057631150489093,-0.0001455702533501908,0.03388866175284562,-0.0145380985017031
-0.1143502818475653,-0.1099802163068362,-0.01963945718924805,-0.005574273634209229,-0.02469743855875074,-0.008946920859156667,-0.001871309389504286,0.0006899464372918904,0.03380700758575587,-0.006600358985936164
-0.1257957838166739,-0.1186904203769603,-0.05725774310633016,0.03195840708061566,0.02732733650507909,0.004362222974653314,-0.01562401694287462,0.003876494256785811,-0.01635762716666561,0.00208742747679038
-0.1217470101726323,-0.1027512374629964,-0.05595798612690202,0.03002479812374847,0.03374636653694701,0.008664192832371059,-0.01210301579321253,0.004016822134784724,-0.03180897475936649,0.007814149356989058
-0.127572253704572,-0.1147733040292725,-0.05828605365480001,0.03238669821307016,0.03242355333590581,0.007724064185697926,-0.01482859702698037,0.005391062775756291,-0.02742829722512005,0.005616059327655706
-0.1267422322338413,-0.1198245420066086,-0.04992558971279885,0.02204069803180064,0.01269639852917554,-0.0007684425091315894,-0.01333707213899939,0.00265857085885667,0.004328634144134876,-0.0008266099386439961
-0.1075482956746695,-0.1057223859667073,-0.009240999270550197,-0.0120302430505038,-0.03365851953984272,-0.01021326714676923,0.000150665279037624,0.001690801952227115,0.03706788353108482,-0.008692338647041465
-0.1256066154818529,-0.1122067132068148,-0.05393499685796357,0.0263648053913821,0.02718381479979338,0.006263654815341341,-0.01208985093166047,0.003740832301155916,-0.02444035890065625,0.007168534777022621
-0.1288264904261989,-0.1155723749129663,-0.05438730172361268,0.02684359562094327,0.02433584566388167,0.004949056892080949,-0.01362914993899971,0.005371628231480097,-0.01754397119110935,0.004290816936676641
-0.1118284064790526,-0.108309732135305,-0.01158546003889248,-0.01202929469683373,-0.03308564122564823,-0.009694991608822843,-0.001958164627387053,0.001452820330462229,0.03742755647381116,-0.006716994503435094
-0.04810376521281166,0.09288518202243205,-0.03679849979869167,-0.005323178079217792,0.02669597335030766,-0.03114411177524017,0.0547520317048826,0.01170634675305829,0.00134168080440952,0.01005992519339321
-0.03079072147919537,0.07845303423573247,-0.04172439044609909,-0.007625334369891583,0.004972127147714413,-0.04297159193638541,0.05034996411730542,-0.01014334127319837,-0.002807739727192509,0.01164545079473736
-0.05362254959691778,0.06449812128177719,-0.03607353374688643,0.002983580479530111,0.04119283500518428,-0.01742851918373973,0.04552333338500385,0.01912762641912918,-0.008618490932395044,0.005197320596961721
-0.04162134328707173,0.08329949821549273,-0.004016541720291689,-0.01453544910662103,0.05231713923947031,0.002011432950674563,0.02378437268413537,0.02535313797927757,0.008195719810951666,0.003814066826031211
-0.05185219628745289,0.1327337348950137,-0.03213917472278351,0.007013528091896384,0.008288143326892311,-0.005111261275792586,0.01977994080114036,0.03177125960278258,0.01554315455565751,0.006597159836204621
-0.05193195013527444,0.1256188418815677,-0.03742426828375498,0.01668318956995479,0.004785782875836772,-0.004107069139885467,0.01780806724943398,0.01256611319566799,0.002803315043278555,-0.0130102015221228
-0.05141306153090304,0.09171825118913073,-0.03670226589106842,-0.002731442169180104,0.02800890389595626,-0.02697099036150777,0.05259489840030478,0.0134501578378387,0.0005434810368011708,0.009108040582074765
-0.05042990724974063,0.03881472449586278,-0.02874728890758679,-0.0182378148026418,0.03218654498619691,-0.0365659667626083,0.05475323488211733,-0.002559909772566733,0.0001300390666758995,0.01663695480759634
-0.05931051057827373,0.116015944719788,-0.04452971178988024,0.01971000149228042,0.01055764247138268,-0.008163179268789367,0.02708622155970709,0.01998724146698458,0.001829616272719237,-0.01110045154681166
-0.06044168118215529,0.100960638791646,-0.0373005503671734,0.009629456863284151,0.02204769096181246,-0.006874698504965536,0.0274571297378146,0.01858030850580003,-0.0006634395782409918,0.002299627241881766
-0.05264161465617168,0.1327249697856072,-0.02640647763676068,0.0008344730764600404,0.01810037797427006,-0.002134261423550209,0.01834883737141646,0.03443240797883802,0.01754141726100522,0.008728970268589435
-0.04618334632388166,0.1054303518764469,-0.00531155725529706,-0.01341758638583052,0.04691834427414094,0.002983208786543778,0.01752138321316915,0.03754420288523175,0.01871537764302988,-0.003170719762159457
-0.05021591983204052,0.1214266834758339,-0.01823270801075369,0.0009799980122181776,-0.02089606293664076,0.01685515472923349,-0.02442408375261646,0.005219447557310786,0.003947032351692262,0.03650961892164414
-0.05106913597104173,0.1267032174702807,-0.02247279421735121,-0.002972576221797718,0.01458764300017996,-0.001955699831200041,0.01622197545838333,0.03208083280502155,0.01558096807758742,0.014245311519813
-0.04642094638482468,0.1128024362126907,-0.01038013290595766,-0.007018712125405782,0.004034367469438693,0.004467856695938251,-0.0001401524964012058,0.02835038152986398,0.01467565141785355,0.01627587663475123
-0.04975432166678122,0.1327246559518918,-0.0422878693766362,0.02138390824212416,-0.008202415958023868,-0.009887708593288375,0.01916469990578673,0.01859497476268211,0.00981313928963921,-0.01417163158444481
-0.04892944941201746,0.07381717017703428,0.02065389132095834,-0.02839735622642735,-0.02853013342315216,0.01187753665721922,-0.01757454560827361,0.01589809958022867,0.007289785257583036,0.03423323811340231
-0.04828821029640639,0.1281808521585203,-0.04087296934100821,0.01705315732658559,0.001244430278160393,-0.01396231722365217,0.02725688703091315,0.02119282391118215,0.01082444888079791,-0.01482135468070956
-0.05054544141304882,0.09776670593590414,-0.01767455558450534,0.001294420692703798,-0.04327352706954252,0.01292809552868936,-0.03074419456910171,-0.003274495865532841,0.003081512775363048,0.043078234716588
-0.07039473122579684,0.04109447404371821,-0.01948793151432672,2.732247325625456e-05,0.05041275808309745,0.01237540767093836,0.009516307219545165,0.01402769839284498,-0.00740448639002648,0.003462223441968421
-0.06188222208832832,0.1236437013088598,-0.04975066046833285,0.02945398585146264,-0.02763834690392065,-0.001970482658734396,-0.002999827113132732,-0.002467855424765989,-0.001459681588388366,-0.00575682619407877
-0.09133955172808178,0.0307460089536462,-0.04229884875498851,0.01236891045954723,0.02379225260568511,-0.001460292248405321,0.01034780199058731,0.01889851311848568,0.002663615678916257,-0.000624752124927491
-0.05572368551820155,0.1072572089564281,-0.03502838172799574,0.01825252543915207,-0.05104071581511908,0.006554088782634753,-0.02681196510519371,-0.01520161018128641,-0.0003029236091866536,0.02235145900291999
-0.04851740486542883,0.1310727044200371,-0.0413083992425592,0.0295465055892418,-0.04451135741229009,0.006537538808982293,-0.02351488319701904,-0.02024276544923612,-0.005917360113096041,-0.00639933741197229
-0.05647983846189823,0.1229944765714818,-0.0489612450570445,0.03244635233899267,-0.04402264607375535,-0.00146239311072892,-0.01304617844547557,-0.01877106408391045,-0.005539530940054751,-0.009071555541209761
-0.05003255554928936,0.1242475872685856,-0.04423412262558402,0.03096011574360802,-0.04937490938374184,0.001548903600284525,-0.02003223186307445,-0.0218415154532657,-0.006073237252185004,-0.006454844231017951
-0.07993763865070053,0.06810905039728357,-0.04741898661159765,0.02421016803916221,-0.0310073135429506,0.004817643972097579,-0.01980098619806974,-0.01317313082573028,-0.006056143619234107,0.01322485895407886
-0.06216906320421103,0.08711304047146677,-0.02441622288883573,0.005967364133930032,-0.02897852283452676,0.01730274940041342,-0.03181096277825771,-0.009867764794844604,-0.005670691209685513,0.03807597234302044
-0.05058798799594089,0.1372654884485547,-0.04965768670214665,0.0384463450810564,-0.04678055774350567,-0.0006436241375267299,-0.0142334801459617,-0.0219099449593122,-0.006936265240169306,-0.02756616263508631
-0.04759081098230522,0.1318470359481309,-0.04906112362179463,0.04009410105110305,-0.04401313373679461,-0.001938271153162129,-0.01205326887471295,-0.02462208330285449,-0.008061738884549982,-0.04009804772242121
-0.04351601467619337,0.09213051439204908,-0.01177262278915035,0.001387123282027816,-0.04986238282809587,0.01822365533648181,-0.03913569373582333,-0.009208288554525785,-0.003048555066473093,0.0419550869410384
-0.05171219812968398,0.1124387875781579,-0.0458259736492591,0.03506384670614052,-0.04275538214381269,0.003575642213918386,-0.01888906992488769,-0.02925976786105255,-0.01216676229094324,-0.02318578665431086
-0.05032010145651233,0.1353436787708394,-0.04632602034361986,0.03133085201299192,-0.01889984553975177,-0.005936677421638954,0.006453524440859222,-0.003141158340882353,0.0006337059977487397,-0.03787598221992028
-0.05124364627888236,0.1300676430982846,-0.04517811555724138,0.02912062691666471,-0.01096986699448783,-0.005172688713044097,0.01040690002295425,0.002139499768707994,0.000304817073088993,-0.03454176630202657
-0.05427588362499203,0.1206354493737391,-0.03997244604584855,0.02555872080375741,-0.03026280409508966,0.005720043700634776,-0.01527224362868088,-0.01818301364213168,-0.006991150745217759,-0.01337955549489252
-0.04034142419676103,0.09912901942816923,-0.01137737606239458,0.001614659225948385,-0.006716101293533323,0.01936853556064545,-0.02584629770713849,-0.004567657113610415,-0.0002448088509949495,0.007821254308156438
-0.04344906463052049,0.08812619180611442,-0.005082249410295815,-0.002390169357962251,-0.01868470660185749,0.0225353054734495,-0.0254842057326208,-0.01396929936628483,-0.0103626559911448,0.01562243426548417
-0.04517914140378741,0.1284999596673506,-0.04805928632222493,0.04066956249920511,-0.04717568317582272,-0.001581817733686836,-0.01434793088783921,-0.02787436132211449,-0.008949204048967535,-0.04035477579814765
-0.04501256589618915,0.1277152455771092,-0.04763600223696935,0.03978287393462451,-0.04628569741976961,-0.001757927907600152,-0.01370048187229248,-0.02658974113610221,-0.008481791795482512,-0.03847484134667037
-0.05002999556440305,0.1290808707593969,-0.05031525728192866,0.03941590987925757,-0.04366208042483597,-0.003474425920414196,-0.01034525953777016,-0.02501750986562041,-0.007468376729322088,-0.03827532716609379
-0.0807231040546201,-0.0786515416139278,0.02696816941651942,-0.03748341688377373,-0.05495229761987235,-0.01444372518948193,0.01008525829570387,0.0005206827241130732,0.03615656295813577,-0.008028421865677302
-0.04385432048704856,-0.0176589496567837,0.08235358732843906,-0.06173683697738227,-0.0300889405834477,0.006012335775137477,-0.0003976085173970809,0.005538493478017655,-0.002409185155381136,0.0001982046981701195
-0.06913577725098344,-0.05854698896228678,0.006247889781663961,-0.03472757216505548,-0.006220223339749811,-0.01362809140447675,0.0323631717269359,-0.02015269690377487,0.002480235403211736,0.01115133543712728
0.02928380746611014,-0.02600585792970942,0.0629269760233213,0.00875207152709419,-0.03232313955582501,0.03168891836600156,0.03471630631847975,-0.00995183838089181,-0.01708881150444352,2.30050593663481e-05
-0.05619849739777897,-0.06359653417847025,0.06645221539029331,-0.03837225342273057,-0.0697966600574244,-0.004331284395724482,0.006987190133099327,0.007621768862995974,0.01007009244855331,-0.00910556966087836
-0.03977279649106305,0.002422894147662071,0.07231044291960416,-0.05144612971052053,-0.05632292930178839,0.01030805046453858,-0.01976807281861903,0.01303200998173839,-0.0006605354026621624,0.02306783472568053
-0.0149065516412345,-0.0306706468480512,0.08427224346515068,-0.007864656698310473,-0.01424022536474914,0.0179833868703086,0.007633893587541511,-0.01758046112095568,-0.00903916197854893,-0.009081435489505808
-0.03312267963686383,-0.02352637138910431,0.09156675407138358,-0.04662848402149528,-0.06499860253517091,-0.000376029348844353,-0.004201224963484041,0.01364131761866366,-0.006961440933550986,0.0009725253561312064
-0.0484765270595959,0.06255642716462904,0.01798182264563855,-0.0240747418987066,-0.05639643964544339,0.01695319228467201,-0.03336802577276442,0.0008461172915915846,0.001861951640992122,0.04680326481789675
-0.0472616988941033,-0.05490581544935057,0.07686275663780612,-0.03773275184062146,-0.07061673405792743,-0.006876691707001239,0.005209314982595207,0.01129855260081191,0.00696659965244107,-0.009030994510563307
-0.004084396844977388,-0.02190161658826946,0.1060192413713818,-0.01858827103898664,-0.05087093042398699,-0.006071067706438765,0.005777620206735558,0.008354637330501218,-0.01421775122227978,-0.009001015064004175
-0.05454121443864839,-0.04902969047421535,0.07123790520689374,-0.04930997068308349,-0.06450806686296193,0.005795537120052428,0.0003838851283142359,0.003280849204013283,0.006128016737649661,-0.002737690398252152
-0.05494458213215674,0.02879268143467017,0.02667925791015325,-0.03464137833293028,-0.05763986702688812,0.0153578793996517,-0.02941095591285068,-0.0004876339354464036,0.005454830507900112,0.04361783824436526
-0.07666831744396047,-0.0699726298949046,0.04219838964011696,-0.04228141263111919,-0.05929230524988818,-0.007196705559046432,0.001546355399113645,0.006308741648271721,0.01863738507390059,-0.003757145071672613
0.020569325196668,-0.01842134458838102,0.09382821691413681,0.01222892446706629,-0.02588085949292847,0.01335006183638783,0.01668328783791405,-0.01173505459123557,-0.0200893865511047,-0.006506298691107735
-0.1096497982933334,-0.0944748987351464,-0.008806894101101467,-0.01349252791392292,-0.02973531664914522,-0.004220409755133112,-0.00257220538112074,0.001697797042868607,0.02093480276885125,-0.0002811935166212002
-0.03588502322877,-0.003982911621107528,0.06012494711966816,-0.03970050076592328,0.01261839018288661,0.02852725569545078,0.002066955326430819,-0.0191176813653115,-0.01683879052458253,0.00569949105096911
-0.03942884998457165,-0.02352548900477835,0.07704985874265849,-0.04790302455042585,-0.04199373925532025,0.02171870926066676,-0.004367130136990659,-0.00537106209540578,-0.01158513104306533,0.001481871399343945
-0.04328917187472249,0.06380716254173924,0.02699529895116089,-0.03114969036544698,-0.02834970236755804,0.02750830613207308,-0.0318753414466999,-0.006865922387074622,-0.00867711418637313,0.04402418675609059
-0.07962772777697287,-0.05167507690847029,0.0352176861970503,-0.04258942559294579,-0.01780987594640636,0.000268870545028654,0.001840348805733513,0.002915322042567131,0.01680332743768442,-0.001480646711049425
-0.03882738954420321,-0.02951865750734627,0.08444140789259318,-0.05083316981114164,-0.06026392214763768,0.007916878002278067,-0.005031071369397615,0.005812150915116307,-0.008766652963340286,-0.000910397269093208
-0.03627819343441572,0.03146506923962176,0.05632814010183971,-0.04941629598999383,-0.02012444992976592,0.03023561824077803,-0.02998381496072389,-0.0008070376999084046,-0.009599833918005724,0.03372628881516587
-0.0253206056812774,-0.01519493702948267,0.09339479159515736,-0.04432021973915432,-0.0508860022092227,-0.00440555740089661,-0.003806442109691701,0.01463978236561849,-0.006355954887968342,-0.004004996807179534
0.01051488652552032,-0.00448030052313203,0.006648053869103114,-0.03949815258996287,0.03051710988229385,-0.0318399540315368,0.03072039911002936,-0.04098599751847237,-0.00294051065960294,0.0176511836573415
-0.04748167386761132,-0.01658376386097191,-0.02092429362358934,-0.02724906756427348,0.0267042448174838,-0.03353732032955296,0.04820678460020545,-0.02245824576625882,-0.00394160268249354,0.01810117318549226
0.0002769797993983491,0.0006484304228827579,0.02611410707043059,-0.03705477811911399,0.04032989067975345,-0.0152123273685262,0.02223926993521526,-0.03971234026411757,-0.003040372837791217,0.01179383965431923
-0.02931119407604344,0.05175579911016683,0.04849072832243656,-0.04514774479239436,0.07120109806327984,0.01653272758911521,-0.00316453541578423,0.005724729297109908,0.009168524511213689,0.001179606640528166
-0.0305192366734374,0.06274627593657942,0.05793355822641746,-0.04603820755506245,0.04461385393321789,0.02539400211598206,-0.02260604985330385,0.01492613422892055,0.009591690869004691,0.01504684988559791
-0.01197043371341001,0.0176523804158226,0.10351048031393,-0.04140446123116459,0.02219243512484878,0.01408350169846675,-0.02019285914947189,-0.004783638877237157,-0.008186218454485316,-0.009836294280048414
0.04935876374207775,-0.001633747435793864,0.07920705609130752,0.04345548704288,0.03577548660291068,-0.01421716491801893,-0.0166888417381446,-0.03185159235478421,0.01098510273311183,0.0005353079311439479
-0.03970747021983451,-0.008451466457821183,0.06124985460932929,-0.04955353070054026,0.01847081336442426,-0.0008440815666160978,-0.003441119918296789,-0.004076958008813836,0.01298098564108567,-0.008178111353928664
-0.05318876810522354,0.03390120967503444,-0.01068145177095227,-0.02391235215120174,0.04759765343253965,-0.01841302590314523,0.04413742153902076,0.005232873384616848,-0.003379499233541423,0.01705026486430001
-0.01332118436275478,0.04567026397915468,0.0686407668438215,-0.03290738246447038,0.07928283998645586,0.0150122376899487,-0.01688277254781365,0.00410775317015316,0.01373243060864573,-0.01634772243364067
-0.03090334930111735,0.05187608784037591,0.04342556455887935,-0.03614871756698099,0.07480752268299416,0.01394006517194187,0.002926713488390828,0.01072565304774349,0.006840735986750696,-0.004284408793301768
-0.02765181147877033,0.06562827707438762,0.05209713313636136,-0.04100767948423801,0.0670396618683117,0.01615367761141037,-0.008848305168300629,0.02541554362231795,0.01793375334934405,-0.003897230799271515
0.003222809068449152,0.02248670472690172,0.08616909845130764,-0.0178674791633094,0.06127441827903411,0.006467828800072743,-0.02151377194845671,-0.01589572647564831,0.00631817930562417,-0.01959602477210428
-0.02837365988423842,0.06967435334667497,0.04909786276238843,-0.04093383069837633,0.07567832092007316,0.0222011543550306,-0.01387557402077447,0.02392401380557115,0.02160116638257759,-0.003301127519558788
-0.02556407963732286,0.06419200318631461,0.0489469234933095,-0.04168963344552181,0.07621270285561015,0.01822670133103959,-0.01301204434570095,0.02156715430851711,0.02099697271126115,-0.006339407730388171
0.004449734430752596,0.01520195773921327,0.1057188805687684,-0.01880367170248077,0.03629241697814149,-0.0003968670535963852,-0.02208774779465617,-0.005177913182297507,-0.007130660454359059,-0.01969724107336486
0.005418215602586749,0.02064037173660647,0.08880161490528382,-0.01452544218733538,0.06224572553857149,0.01489749671262891,-0.02035881037074832,-0.02658489602227145,0.004037171503250118,-0.01821286792399511
-0.02923066918879693,0.03776356304189406,0.05378855271223393,-0.03820779224277993,0.08411604769095157,0.02329554649696786,-0.01701602215809345,0.005402294495779792,0.006836435223996773,-0.01212069210401509
-0.04587177387147931,0.09530257669444873,0.008424469436786855,-0.0209276425753104,0.04133162418931041,0.02070917343467533,-0.006461044489341111,0.02083112344163405,0.009431558132952293,0.0117334418883767
-0.004467418859888511,0.01550741925016989,0.09126023764735219,-0.02258567940272171,0.04207106507751097,0.02615827461250367,-0.0138363435106493,-0.02374754594755867,-0.01191433003428403,-0.008787516699065124
-0.03087730327759693,0.03297059972446941,0.05995760275233945,-0.04384144869371501,0.06595515482709091,0.01616189482120491,-0.01483539809035955,0.009908524882386936,0.01021487599203422,-0.01195753056440121
-0.09080576773998135,-0.05475749141294344,0.007748261397276905,-0.01602276835514882,0.02557304107807915,0.02107431720399525,-0.004431530411696816,-0.001061235682705137,-0.01769433612292905,0.006346272428446176
-0.05975948939477297,0.07183359780041555,-0.007457315426992384,-0.006462263648626954,0.0321966973326779,0.02131960472386505,-0.007137726298552306,0.006780531715601888,-0.005843876408810731,0.01133170613416445
-0.03910029694930707,0.08704151881004081,0.01629803532986301,-0.02423814601856848,0.05891707770385245,0.01159328154652217,0.001085970758269989,0.02854480127908943,0.01964313335317628,-0.004940112238116393
-0.008828269561045772,0.03484855399965378,0.0775215827841771,-0.03769063781584756,0.07615696992603248,0.01779950247724034,-0.02149922911223019,-0.01173552285195407,0.006496512483587562,-0.01643059381893303
0.05252234892671579,-0.005295090374172989,0.06040212536288945,0.05837910529305538,0.02271597749481525,-0.01747514982529952,-0.01156662558774045,-0.0240153037714077,0.01755076612656039,0.008941880382668859
0.009294864307713275,-0.0005712235113876555,0.0735392201878533,-0.008976584681027864,0.009558349529006312,-0.02349678808379287,-4.111759477131566e-05,0.003498222615283833,-0.01088817360231991,-0.01036968970758173
0.1288618979355611,-0.02580480443592292,-0.05608242738824723,-0.01116413653523938,-0.006333971222726097,0.008135292783216624,-0.02055045955296294,0.01873848699077468,0.008762716713225042,0.0001659282985645526
0.05090157487074232,-0.007901031420110703,0.09759986898216265,0.07308900458191857,0.01192073939146176,-0.02436875216522455,-0.008244473936587341,-0.006222955003295753,0.003110008641922483,0.002037118178833357
0.1099907903669567,-0.02337219746277967,-0.06494280994107789,-0.03466443155676842,-0.00786160970641497,0.02566697166907331,-0.001372936939592021,0.005881057175117736,-0.0009381037408669888,-0.01219125154686685
0.1344045058087772,-0.02698550201272619,-0.07237872070370338,-0.03335204674851654,-0.002828256139018969,0.008126938472326322,-0.01802755792439011,-0.001093537889084139,0.007807615995563453,-0.0004057817821238677
-0.04035091989258924,-0.04352462550487048,0.006457949184476143,-0.0364160848606871,-0.02342755639093201,-0.03304412695554417,0.04830961164874473,-0.01735109040264872,0.01354046041377478,0.00237996268547222
0.1046836840909682,-0.01842895653985971,-0.05220810909910917,-0.03837047504199983,0.009250562167047838,-0.03814842206321198,-0.01693467312280067,-0.02703711273276759,0.0009430297244208215,0.0114724866991074
0.1146731454896722,-0.02139595711914132,-0.07135859631405998,-0.04937674998080682,-0.0003368413658491325,-0.01495932533480625,-0.01692272786793663,-0.008665468634694388,-0.005036398126475146,-0.003970327524576224
-0.01695230370871955,-0.04647086402352311,0.02978862759167769,-0.03458934355563466,-0.04273957625782281,-0.01683817744065749,0.04339942509071226,-0.01126982927442019,0.002217197172700814,-0.0002982848749473152
0.06074635127738515,-0.01032470913815879,-0.05562831708720454,-0.04174759284996669,-0.004909055933572421,-0.01184470105259562,0.021354299542542,-0.0188553453624157,-0.00523581405207236,0.001633692909386521
-0.03240015688742029,-0.0370464650555361,0.02755405456353511,-0.04500983087133073,-0.01919441145560944,-0.01697105864595036,0.04295788337653464,-0.0242988100155295,0.00475129946153721,0.006735324446430058
0.04777236368498802,-0.02459950800778033,-0.03750114110179815,-0.004913018502084271,-0.01208778865850555,0.04055233511962007,0.04938677338192637,-0.007601407515330153,-0.009400565817209735,0.0008582936824019637
0.1039001987661332,-0.02058412783450171,0.02074114084319719,0.06665033893524967,0.003030263120222146,-0.004872498118463279,-0.005652071324890142,0.0002762503635257514,0.02371937407566511,0.0245302996484066
0.07587355930861665,-0.01504758656024646,0.06800662035276508,0.08500104283226279,0.005926274593490532,-0.02352915161592647,-0.004909921957438074,-0.005097525122420085,0.01403514299160681,0.01925462038057873
0.06353362208491338,-0.02036640528660614,0.07458607854236197,0.07397218077037836,-0.01869123151265621,-0.01115159584011226,0.01572441547569343,0.01540960786318986,-0.00337167371809616,0.008447336082413047
0.02675374560133062,-0.01412434199039256,0.1046880069364656,0.03184523515526519,-0.02326500819179751,-0.01871236218831777,0.0001060923859414766,0.008665870260689549,-0.0106594614091878,-0.00159308627229541
0.05210733473185421,-0.01085745927782725,0.0967498612473154,0.07303582242531957,0.001943246460092376,-0.02225063160997382,-0.00254707153861155,-0.002129572766629967,-0.001721442833853281,0.003670326952873054
0.07480958560182707,-0.01770074421853982,0.07292454274030068,0.08852622370405978,-0.00477363492426417,-0.01912409140686047,0.006536878624115389,0.008493228587190997,0.004063411932149225,0.01466522002006623
0.08671470890246531,-0.01777742201690652,0.0533200336962565,0.08724172683454209,-0.001694230109490831,-0.02352314024589948,-0.002282517681336899,0.01447204236169548,0.01238957281480543,0.02212495714731551
0.0612350510337912,-0.02079400744890844,0.07355039050724761,0.06931085907955656,-0.02336951515540101,-0.02514027178337929,0.0121529507391976,0.02585484933270531,-0.007670843420797226,0.008989874632913864
0.05082326932799368,0.0004275796711721921,0.04916553258774073,0.04230311391697751,0.03801241316979636,-0.02160871345232485,-0.01561136234752738,-0.03316248252683105,0.02360037059679422,0.008748756191865107
0.05971254936392129,-0.006701292785486048,0.07850658216819476,0.07361332643266763,0.02665558232149477,-0.01906931825430015,-0.0139594231610214,-0.02531926729380592,0.01782721737640211,0.007458091940620361
0.07837492192187367,-0.01488368985267805,0.05751239175282857,0.08370716027919994,0.003743277932178528,-0.03043994680437331,-0.006705117683058903,0.004441953770350899,0.0138022242749009,0.02292821619320493
0.08105453574138156,-0.01635128391531022,0.05071760731767264,0.08333893482113658,0.006896319119592257,-0.003338174309093724,0.003566486105772583,-0.01160511481480729,0.02106450448443005,0.02078672975857563
0.0006550946056663867,0.0101649883080957,0.1114472695877071,-0.02293445836606012,0.02163863053671525,-0.002131452304562492,-0.01709411136209049,-0.002033915220081928,-0.01231894221696392,-0.01997096919411738
0.04238600968601299,-0.002573427826810453,0.1024387222657161,0.05467031447371531,0.02549570810594891,-0.01320630021213489,-0.01366350054354186,-0.01772734939299584,0.002462314810749882,-0.007711180658614921
0.02721066886221152,-0.02530202233760402,0.08347650874911397,0.02889369873053629,-0.04042641045819412,-0.02667475878434955,0.0200919931323112,0.02488072647907907,-0.01562522339606555,-0.005093979430441408
0.0117023301173735,-0.00560511671964229,0.03824677711379281,-0.03073778524666511,0.008862568374224207,-0.03926174134007227,0.02605430540192735,-0.02347337141796075,-0.003913074380628349,0.008516582828397087
0.06114341445896281,-0.003474796918133929,0.03847705510521014,0.029591354046025,0.04031674011097521,-0.00577098003562545,-0.02062313343013954,-0.04189706786630375,0.02389778509243141,0.0007723747204927679
0.07002171386728887,-0.01648263595465993,0.07177399969649381,0.08406258768645317,-0.006560919117860686,-0.02610307777257091,0.006311847653822423,0.01143706250056793,0.001667838011727849,0.01653076855833089
0.04836542288267185,-0.02004861187922967,0.07971874021906525,0.05572398958724905,-0.02046291566962238,-0.02843104797217237,0.01321311454128577,0.01311495901939292,-0.005867988881579774,0.006246971713117134
0.05334798386269667,-0.005799072944115952,0.0886419574302329,0.06198409283048708,0.02745807871706862,-0.00691877347037083,-0.008850981241196805,-0.02683831593507926,0.008512091384345628,-0.0009424835936360391
0.1109588542153287,-0.02151606333308323,-0.002189031979817444,0.04405158373261161,0.004515907093722234,-0.01143419125839016,-0.01399070764018145,-0.00274979057802793,0.0228871086257717,0.02580574232309366
0.07172933861259526,-0.01351637863778006,0.02658399187804849,0.03329392832409114,0.01370679397315134,-0.03551644254465788,0.001498954833189724,-0.02792614060949833,0.011039196166805,0.02526525793383415
0.08978964063611798,-0.02161366003967317,0.04876307762912594,0.08138811155734439,-0.008750970577987779,-0.004638073260530992,0.01349290508706711,0.01246900093780791,0.007734205655271716,0.02004574284123712
0.005539908331782853,-0.01230767046448495,0.1096351627491085,-0.01361148724588552,-0.02118756926794223,0.01369117646037462,0.004077722672858003,-0.01273015056583982,-0.02566338855544877,-0.01576366315927167
0.0614736550008255,-0.009910071377956063,0.05259048623484606,0.06150452236613112,0.01875347778026732,0.01666696805323821,0.005261410276631318,-0.02821952855136413,0.0185060099671095,0.002378282488852265
0.1022595699041051,-0.02767267665957844,-0.005978908841023502,0.03138588953272392,-0.009380971823317446,0.04955952130485069,0.0383131493645749,-0.01397320929012639,0.007500144117450349,0.01152466062342613
0.03634985954994412,-0.0072367894791339,0.06038695171065525,0.05044470526249389,0.03520011311722247,0.01383220985850033,-0.004605018674849097,-0.03337919177551322,0.01488463296526381,-0.005878649219822566
0.0503082277711283,-0.01067141443401837,0.07931867877575249,0.07054671873176403,0.002757896837272594,-0.01995629344364108,0.005139928017571595,0.00587620612370139,0.0008416624312170128,0.0007336346940562101
0.05142459459672574,-0.002269848976107657,0.05746024314064684,0.04674193103619648,0.03738551648126266,0.006333129178264545,-0.01172979618739082,-0.03787586742012932,0.02272499541189486,-0.004121590863018013
0.06945023917536734,-0.01223542817580473,0.07014951976054767,0.08067139919708188,0.008888862769035843,-0.03233532114138881,-0.007912446835370219,-0.002259413254195552,0.01163719482443256,0.01642286688758407
0.07561925515958394,-0.01861543232640915,-0.02851684687495166,-0.02141773525714482,0.00346115692168922,0.002475028838707172,0.04216073590161871,-0.04009836786206507,-0.004462242378567047,0.01781124776142935
0.0352031507402249,-0.03744747462951854,2.546779149871793e-07,-0.01853806080412906,-0.01951761116411387,0.0311068910551206,0.05516213450902879,-0.02761038284041583,-0.005012579914638457,0.00641164841081455
0.1352973291005547,-0.02901404062248046,-0.06211264897149758,-0.01526562475480748,-0.005071145134439523,0.02279840095632509,-0.004620040643087206,0.0005772297114331527,0.01245055826546989,0.004913787831410663
0.1006034516930521,-0.02131235316884958,-0.004921203069745101,0.02841453769410012,0.00604172950956168,-0.0005328857443319111,0.001708275160053124,-0.02267982973233516,0.01886699813424751,0.02368042690537842
0.1153684231407354,-0.02622035325777099,-0.009653908397230742,0.04300470611488766,-0.008525260407476986,0.02622413327222483,0.01009856401525678,0.0109333126671652,0.01679976015095717,0.01627987544095877
0.119401126784399,-0.0215572964524957,-0.07066471543183989,-0.04617388998035569,0.001870908109185851,-0.02087251537344125,-0.02216042036258808,-0.01019281822361257,-0.002761782162194417,-0.0006829203886821371
0.1368944059631364,-0.02776289637766761,-0.06786585331028171,-0.02123267641273924,-0.006204427724381832,0.01832253814122128,-0.01624449326263853,0.01204361563741085,0.01048399656372269,-0.001918135165675086
0.02899730145151655,0.01104879849566496,-0.04467169537156006,-0.04227139949958272,0.01018982438102341,-0.05987064592513137,0.03217733497138019,-0.02901071734501858,-0.01176595416776986,0.01294019811794059
0.08980803966241738,-0.01463242605859882,-0.05577083123593924,-0.04228476537068198,0.005897948286896365,-0.01803922251256407,0.02141599979804793,-0.02757424146512632,-0.005720214509318156,0.009914334216896246
0.1193981573963141,-0.0226748469287993,-0.02481595174003607,0.01862251416201693,0.004624165670668537,-0.01511994606435052,-0.01765845000540784,-0.007222509141077999,0.01975028211744124,0.02277249680170899
0.04313392334708341,0.002366717600777355,-0.02785531000974057,-0.04089364491095635,0.02455277797376353,-0.05741198629643169,0.02936199097031376,-0.03997036930466914,-0.007416492597986787,0.02213973316536588
0.1129938376898316,-0.02073100185829752,-0.03528263116822151,-0.006388561746325004,0.007995428655447839,-0.02878438500387297,-0.0157917380692298,-0.01751031577861539,0.01057690361790917,0.01960197949863286
0.02879979967802263,0.01545399584720545,-0.03423235438874252,-0.03823119489396162,0.02046174051565414,-0.06484921552496688,0.03749219745200794,-0.0311153078050067,-0.01175789766989362,0.01599244880062007
0.121927258786813,-0.0226136144369211,-0.06650069173193156,-0.03799465530107753,0.003174415915145308,-0.0142244330951635,-0.02758871046975745,-0.0111077106368509,0.005091842889011074,0.0009427687988793031
0.08307103622853222,-0.02177640754252599,0.02199142782086172,0.0496818718617061,-0.0164396079460011,-0.007517980625293548,0.01590188095415885,0.02736845370125533,-0.002968499315242697,0.01198917482039083
0.09293901669041742,-0.01438673984752505,-0.03978766488668636,-0.03059185471017078,0.01342668776726222,-0.04371212466008366,-0.02150009607526024,-0.02741528887648548,0.000690154464460474,0.01145473488590282
0.07239747530943613,-0.008500374560539117,-0.009859679093068192,-0.01405406648470918,0.02149851195334414,-0.04619307238259202,-0.01335612205992884,-0.03269942564202545,0.00406754022454713,0.01513311576767884
0.1168124942541326,-0.0269304279001713,-0.05973606461987077,-0.0186402178766836,-0.01103763391695892,0.05732610186289358,0.01710223147816367,0.006750047518193389,0.005263491230530038,-0.01121166968792966
0.1245627967714693,-0.02675692130002948,-0.05709433040981684,-0.007776080979372944,-0.008067504510167932,0.05108834009870648,0.00448145112876394,0.008085454306888033,0.01491052089990779,-0.004292219564916606
0.09111287099306024,-0.01864061140036625,-0.01796979549068727,0.02202633468197568,0.00453122163472803,0.04730670487533212,0.01112891105508507,-0.01917137272812618,0.02480777064067346,0.003217956088415073
0.1210367690270692,-0.02438644117804097,-0.06215160739525788,-0.02398778027177057,-0.002236542740539851,0.0229332585570946,-0.007986643325437529,-0.005433380308425569,0.01215325355104368,-0.0006127398767950624
0.1366404516354604,-0.02783917412027475,-0.0579070608866718,-0.007783627337918081,-0.003599161316451249,0.01744352632257426,-0.01204509538320636,0.002942405474277494,0.01669055179697307,0.007909824439440159
-0.0096009736008802,0.005108867542113151,0.04137775738619955,0.005609059471909375,0.06903404938735877,0.01778481620903736,-0.008577830652301378,-0.025719481087654,0.001122027149403746,-0.01166716417903649
0.1196514396959938,-0.02177622271712228,-0.07130477284082906,-0.04531436324432102,0.0004527017912108696,-0.01409403477431135,-0.03000496389893486,-0.00232880316660775,-0.0007005225597042691,-0.006420416536107624
0.1276323583992372,-0.02421323731263635,-0.05223773937034222,-0.01022350013171765,0.001707483514092038,-0.006212254687014278,-0.02848318317913729,0.0002202756215740239,0.01453397078206974,0.008207956260653994
0.115553336664552,-0.02202203864551014,-0.01681216384056709,0.02681643007283064,0.005445181411114344,-0.01476727952110001,-0.0178228792620149,-0.008738383086214272,0.02222284159810621,0.02443519615069398
0.09579034145541634,-0.02542364330986524,-0.01292962607999651,0.02154987254872994,-0.008883744028432089,0.05751711252761249,0.03582288216572422,-0.01339109663593351,0.008574996724763442,0.008038005773604303
0.1352943307694346,-0.0261185682998053,-0.06469494102541436,-0.02243862995896663,-0.0006216140419961339,-0.003755513228299098,-0.02899817373422851,0.003345651878897636,0.01094651916722802,0.003944270862877825
0.1144991899006686,-0.02783914586493271,-0.0159237814692005,0.0348943752055875,-0.01007746110078987,0.03886876937954961,0.01876927913792226,0.005609839456300216,0.01575551522570575,0.01425625095024046
0.08879635774243666,-0.01278699882697218,-0.02729601788547319,-0.01641460673103943,0.01822212015734114,-0.03706091476814296,-0.02574090908219719,-0.03021532312793032,0.008490135104118795,0.01144500181174897
0.06859963524682038,-0.02914260101545818,-0.02132523953302951,0.00617612965108726,-0.01090360193476163,0.06490406638082742,0.05148729225036881,-0.0121519971313542,-0.01038934823961581,-0.0009707210945985293
0.07501199101813576,-0.01775226534292716,0.007682488290966447,0.03774037801365563,0.006214268233280459,0.05063056957440708,0.02208376731970318,-0.01855912035177493,0.01697983364403524,-0.000449682199386206
0.05771028267298617,-0.03050382268657317,0.004671801303572603,0.03171016958568527,-0.0001299013496933958,0.05713304070672692,0.0434051262901677,-0.01939298674756528,-0.004832407033804201,0.00356463823168636
0.1198438856248449,-0.02778859639822284,-0.05927724273681051,-0.01559957682813274,-0.009887874223547073,0.05977296252969237,0.01938510057106826,0.002387615272813198,0.00761548031548674,-0.008384829995165377
0.1204857816513292,-0.02860707102179993,-0.05433290042185619,-0.009892716112975913,-0.009316879501075749,0.05872039315008901,0.02539442817172242,-0.004334086432352304,0.008076631976712408,-0.002137701209633594
0.1069856408915159,-0.02607520676637106,-0.0039368005617524,0.04693762273651788,-0.009653335678557267,0.04496385711994916,0.02551160930627822,0.005086403938162097,0.0162373526249637,0.01274213579599157
0.09612145250091367,-0.01831634456537932,-0.004632249013399359,0.03386485799467918,0.01065375885869716,0.03170731895774673,0.001516081744897982,-0.02205162743183175,0.02870164990959956,0.008633378210395753
0.127220451381588,-0.02770351485206365,-0.04666930483155889,0.003678577374245106,-0.003121695681607604,0.03770296734226536,0.008102556433132815,-0.00739023589428335,0.01862452487003049,0.008743029615342542
0.01714490322444185,-0.0253425846855046,0.01493968684008624,0.006458877626082712,0.01249090653301359,0.03860793413858923,0.04416920284952987,-0.03880245473311751,-0.01857506252231646,0.008189562697904659
