0,1,2,3,4,5,6,7,8,9
-0.08205396201582059,-0.09193681077899447,-0.0015376922538339582,0.0035977882065562966,0.04826991709390466,-0.00801202469277322,0.014955569567985499,-0.002858787150225926,0.03733973305787942,-0.012086268628807816
0.03492675695542679,-0.03420226820030114,0.0065369573298413326,0.006605449068802744,0.026324293314277856,0.048159410174359985,0.037352932165407346,-0.014917229603779648,-0.016350673699900713,-0.0031070574541585036
-0.11104300758103516,-0.11337380204380158,-0.02598145935394695,0.006643493473892105,0.02310876799936353,-0.010351377510241837,0.003784775611545596,-0.0015268292302579299,0.04101690601930058,-0.008550325157330002
-0.12670979242147892,-0.1228332590457708,-0.04839505431544654,0.010189121427488077,-0.02228707919392875,-2.963068152107649e-05,-0.007614868019722138,0.0021028843199822427,-0.013282583506726642,0.0047142107482066415
-0.126832801106706,-0.12540272363987262,-0.05362642978389157,0.014004033320581989,-0.028146174834515585,-0.0015065714848685988,-0.012250917029118452,0.0033372102533563612,-0.010871091805939306,0.0014117461397956464
-0.1038449555290706,-0.10906648391232969,-0.035950662200294276,0.01280782418860868,0.00398857370654623,-0.010268832931717948,-0.005318979877255857,-0.0015258303159959654,0.03990157499798618,-0.013591817096543302
-0.03936622951914932,-0.06716404519637409,-0.025991324106599527,0.009474004077474703,-0.021027936769455875,0.04047252278293748,0.015629405448573927,-0.014346871814176123,-0.031163170577561412,0.002581769543802357
-0.10034870060869384,-0.10359452465586443,-0.009665409943994034,0.004384410086897673,0.04428752955716243,-0.011047147007212169,0.004947354116348594,-0.001012278047568885,0.04567244519489144,-0.00963642866928831
-0.11465804342697566,-0.11584678960678602,-0.049870353999159074,0.015234957359731231,-0.025532074529926323,-0.004287503894189585,-0.00957165657514823,0.0013061763772984855,0.006404652582389282,-0.007171793887629536
-0.12486575817523578,-0.1155581979249385,-0.05701387392236913,0.011781061183063095,-0.04370516398515819,0.002630134511835693,-0.01157696428122713,0.004663943161277876,-0.030204215092418843,0.006887558043396026
-0.12336868223331923,-0.1213568154795718,-0.05716456688232181,0.015539959335399483,-0.04269450299277509,0.0017807901836099625,-0.015498309163271936,0.004272337216851872,-0.026086558809304897,0.0028447621244245686
-0.007148016312339586,-0.04168400825724659,0.0036393452241151453,0.02762521058436469,-0.0053020982468894515,-0.007173602891456731,-0.0024832058239229204,-0.003149005118302085,0.03704833124765757,-0.011664467223607422
-0.10279534485967821,-0.10368362618970689,-0.04687999755404404,0.011500255232544214,-0.04307826268059885,0.011148551252655564,-0.011775322628981604,0.0021394055295355344,-0.0352485009293606,0.0028689659537232243
-0.09223715357714701,-0.09931915495137823,-0.021406956716573288,0.01055475947666666,0.024802545220722373,-0.01178539572758534,-0.0006450818358322213,-0.001962836278940497,0.05085136439359837,-0.016369132901530567
-0.08440693065481399,-0.09358313016238887,-0.03402263932482338,0.01661009973103453,-0.017359153548689884,-0.0051074485564720174,-0.008463145945204515,0.0027999137905577796,0.011500348605092237,-0.01485302714379016
-0.12157243273727063,-0.117116164780857,-0.05648355785965258,0.013030668980906407,-0.045428523778257096,0.0034009780320639195,-0.013474695236329047,0.003767358359028772,-0.03502795437667433,0.007286182883688148
-0.11542022549087307,-0.11281110904068103,-0.03574825012112069,0.0055824733503217,0.008448549881915943,-0.009578486281033761,0.002516877601427647,-0.0028192259210199086,0.03229688995964675,-0.0029427510634176452
-0.1082634143187519,-0.11095844572311261,-0.049757147213102475,0.01590244513979088,-0.04022781139546575,0.0025003878643915173,-0.014919485005183154,0.003932065874386185,-0.01886635161312471,-0.0037052033461326367
-0.09540498799842824,-0.10279111613174549,-0.035496651393172575,0.014718071300001854,-0.0005797179784492577,-0.009575753323991614,-0.008765853642885115,-0.001184209736742366,0.03711647139351808,-0.015170358167547348
0.0580576980429958,-0.03648905704478168,-0.03936780954926438,0.006081610091682523,-0.005888659688758025,0.06969622424609813,0.021205124123969746,-0.005891960791789742,-0.020673899496036704,-0.0033551233720222695
-0.11450730374817768,-0.10902416528526733,-0.05284269457215582,0.013562644929013875,-0.047632805939547586,0.005443892407827969,-0.016388997281104444,0.005789182594106376,-0.03197783324918464,0.0028151007519508476
-0.11936118274562897,-0.11173833706500746,-0.05500621011124028,0.012318929999673144,-0.04738678601467751,0.004522964080874409,-0.014054809265799866,0.0057377625827893155,-0.034019331360857205,0.005650297364826903
-0.11186267070924558,-0.11260424505340674,-0.02279751501722963,0.005110328241018583,0.02667055550265926,-0.0084785712136843,0.0020593337173018932,-0.0011277004542324604,0.03752503833388711,-0.006020203509819482
-0.12230332026370383,-0.12079942752652859,-0.05345849577589233,0.01477772795976206,-0.032661291069811846,-0.0014979156408985155,-0.01378921214001442,0.003382842297445571,-0.010417850825002935,-0.0006380515178993488
-0.12504838013165875,-0.11713073243229648,-0.05644532619908989,0.013275128102147662,-0.041813629255360904,0.002365731640039584,-0.014377031875310468,0.005696426345400897,-0.02737782943689522,0.005277074164787373
-0.12238902131251436,-0.11049746365528101,-0.05568994899105061,0.010956287996524596,-0.044757020715065716,0.003242196937291408,-0.01230974983909808,0.0054451199528479976,-0.031380006082397695,0.006781845983722339
-0.12091668836965803,-0.12096643113244349,-0.03832265579116345,0.010308456221313465,0.002062917776080131,-0.005465474839877136,-0.005638519835380808,0.0008680865789818343,0.01895628720042381,-0.003586145165064523
-0.06797855621071545,-0.07660288988869554,0.03501039155654313,-0.0025432081037056247,0.060517781008313176,0.008295894394921559,0.00770060710168094,-0.002244334682566505,0.006993247952609103,-0.004294777284933315
-0.12678467126792328,-0.1177376487451489,-0.05287278577921776,0.010877979566028482,-0.03096841013418244,0.00038996022594865954,-0.010279563817750787,0.0043568573712445486,-0.01765294109745243,0.005560459075552848
-0.1225128770067062,-0.11053361933212644,-0.048744400868536576,0.008042151306938045,-0.03368426670885797,0.003636900940056913,-0.009805648086662181,0.0034353283732229075,-0.025188160549432827,0.0073346770529305
-0.10202287171929944,-0.09979725561536469,0.001088262615882785,0.0003753578330331075,0.0455056929452626,-0.003759857017661246,0.0007972389701122294,0.0018787751717261787,0.019225623768247543,-0.0022852374471993993
-0.05109944537436143,0.0815515429706998,-0.03408383452087221,-0.014128045350090497,-0.027534039058331305,-0.010522473598367024,0.05700770665370534,0.013406554646119626,-0.002446698509139343,0.010231090889682477
-0.05899512539637317,0.07664441002725178,-0.040193006619733095,-0.008420535628670012,-0.026058150178007833,-0.011001697661996549,0.0548300389684825,0.009852945293780148,-0.0062389126800785405,0.01161356756011483
-0.05723256154958732,0.09070915949689105,-0.029672309544275553,-0.006102983166513753,-0.02919764226312101,0.004312900065356907,0.02269946001135086,0.01950016259888465,-0.001137467723764644,0.0045804091593473345
-0.05621224685355714,0.1276229987650497,-0.027200810620232208,-0.0006359852770409192,-0.005479131179665879,0.00376336964899819,0.013301487529137868,0.030185620717820397,0.01265763706177916,0.013474458403545397
-0.061704194938668654,0.10236352985701601,-0.043011844365124674,0.0113576531598316,-0.01991865509426583,0.0011798925208083724,0.019226183729705935,0.00923391691247433,-0.005223020524899573,-0.00538697659333103
-0.050419243845793285,0.0816697164096745,-0.03618645428457164,-0.014293816758405584,-0.017321188954404362,-0.0195234597195407,0.06203838788915236,0.003864959624444812,-0.00011007056496061065,0.012241601676419547
-0.06442102344624123,0.08203883448475319,-0.04192930982043926,-0.007640870657595256,-0.030436429379107573,-0.00786558858975363,0.0529021577559102,0.01453616850930011,-0.0054896272303470005,0.008926135619187984
-0.0610006200201679,0.12283270089826748,-0.03713952104081778,0.004025654531286203,-0.014992811834527508,0.0014350727186189136,0.02280173026392098,0.025916855293298614,0.009208491104605584,0.00410412933685709
-0.0547326604005787,0.11456362020946959,-0.019697453096083797,-0.015052478613336322,-0.0268119933486178,0.0047985992731073126,0.02226213547252185,0.03491133362548726,0.017268419289691184,-0.0018418070473873106
-0.05254443123899436,0.11683022904311234,-0.0181624813374907,0.001704256093478691,0.011414327071420082,0.010467324434213991,-0.019639091871997926,0.011381323443931751,0.0032844478113845357,0.03044294298916205
-0.049773472761479344,0.09896825278967418,0.00875517961852746,-0.031731369395423585,-0.00946791407977577,0.01244591396322964,-0.0033168961427707954,0.031072592494336575,0.011733142711265316,0.024409653980235136
-0.052069447527500506,0.12874008102222953,-0.04819049792068573,0.024291300881931873,-0.00026316817070786027,-0.00677850737424545,0.023537205059361906,0.014137706911572968,0.007927903347380574,-0.011474912896684961
-0.05573097933435078,0.13012033373047877,-0.048709821309573825,0.02681526894826406,0.0054199083890006895,-0.004614768654651735,0.013190390946327558,0.013197853229211368,0.008424032934937696,-0.005502227746362609
-0.05405081568088828,0.1340497431715056,-0.050731249225253544,0.031237912650602634,0.00227984838970619,-0.0048709818838291105,0.016014997604175928,0.010390284567373821,0.0069943314924221876,-0.018250855874256823
-0.04722613160145984,0.10429754454495704,-0.016127914297150693,0.014008203281657371,0.03538966005168301,0.0062865996025512775,-0.027021366190382867,0.008773899529768047,-0.0006026866361504468,0.037102819066127814
-0.05323110641233724,0.12119029351326371,-0.04525730452854479,0.016060372987055996,-0.004727248930093101,-0.007923587364905315,0.03046861710248313,0.0158905998921013,0.00953823302342577,-0.0074197900160354
-0.05518586834439526,0.1364001543236043,-0.05194941192861293,0.03328342664582184,0.0032587688979529624,-0.004112929379421352,0.011882149085424752,0.007224556290795201,0.006075988226201801,-0.02015138126389376
-0.06417085342332408,0.11197249569215775,-0.05010193352224047,0.029949771109157784,0.0007958253565977099,0.002215763792239002,-0.007423051281664476,-0.0037851197722031074,-0.005517065764153913,-0.0064786109816160386
-0.08739885508213573,0.04273002680067907,-0.046482395581412025,0.0034594878677492807,-0.03347766813128491,0.0007823028759607056,0.015793978368399197,0.014733039329203947,-0.004411455038788023,-0.006370499143865821
-0.05925262979635171,0.12314082879035888,-0.052871512394974535,0.04254130681236125,0.02340398985624176,-0.0026754671684861434,-0.013637137661834532,-0.01134958274916022,-0.0026971502417560043,-0.0006003796964420632
-0.05416996171869059,0.11351421224347825,-0.03976409020934767,0.035370254264480934,0.034890944795928316,0.002286629356673444,-0.029915718851311692,-0.010379002135742117,-0.003212052419826423,0.02381364951425567
-0.05299931403671246,0.13345150403242315,-0.050855479867663346,0.04749025457124835,0.028216161441583995,-0.0008829191306371256,-0.022652236250009502,-0.014572590069588085,-0.004137343934888384,-0.0056370907284100345
-0.0533584795522604,0.11376865200490623,-0.03481057682472892,0.017866263596278627,-0.0020732188692111236,0.005735064952531992,-0.008176388962696896,-0.00812615831474249,-0.003782729783198457,-0.010095033846163738
-0.04804749349242245,0.12683105794004818,-0.05227747665867765,0.05151901418301451,0.023087227217350997,-0.002614551856275537,-0.022158901152080614,-0.024952391846771456,-0.006200394810926508,-0.028646734642451762
-0.050468329856926605,0.11425694033298546,-0.019152774297807578,-0.006876197870043419,-0.014658524546976788,0.00867475781015896,-0.0029791609721915753,0.022030615817771767,0.013160771567750362,0.0015696747366258446
-0.04843806340274272,0.1225868454117061,-0.04522294424537642,0.044518375509869014,0.03156498575385324,0.00014758229421004546,-0.02860629313905434,-0.017282761251447336,-0.005999660417506809,0.002208562549829231
-0.0595204252888026,0.06465048005263857,-0.007071811132097191,-0.0001725786724599515,0.032942540025387664,0.010489510757349964,-0.033803583996989676,-0.0030364240864683696,-0.0029662897247481456,0.044855012155763443
-0.051856358015835026,0.13419122671850087,-0.054239133374900474,0.05152513621690496,0.02457890770753379,-0.002266553650884193,-0.02064449009287917,-0.020510838926628583,-0.005011967819060385,-0.02094504674170279
-0.07481700088335533,0.08280459171500133,-0.049243019386678806,0.03221069027392501,0.015511524132580634,0.002790289777379743,-0.024091245151166098,-0.0110294941018213,-0.008631846989080514,0.014181330460396518
-0.0419787174267654,0.06558254679730283,0.008601640057197692,0.007116014081072962,0.05602402440252761,0.010304665644804109,-0.03954240317303491,0.00018237165090198622,-0.00801529823215754,0.043176706371294366
-0.05295767274399974,0.13042902331231612,-0.04887963486855368,0.034540952810537325,0.0028131885038448286,-0.001232034005466515,-0.002001567475250333,-0.005763947081597085,0.0013764970996723639,-0.03100763332805224
-0.05451556883126948,0.11075875327990972,-0.05177737250102001,0.045460779510917974,0.019886081579868885,-0.002843836118981782,-0.01779992973803249,-0.025160479885953924,-0.005918201998656904,-0.020926763710501492
-0.04724097452085299,0.1252962749298085,-0.0521748906401441,0.05254118160972518,0.02296459274780031,-0.002875350742519979,-0.022030482527396106,-0.026912960136687564,-0.006762845790063319,-0.03338717997166885
-0.04030775766142285,0.09709488018536967,-0.022787950083109805,0.01992936696272141,0.01981425939683225,0.008815493687474541,-0.0368659916378499,-0.012903665357334424,-0.004837719535243468,0.011415181116086881
-0.05229736440055323,0.13114827268804305,-0.052753040249400536,0.04060140954773742,0.005558884603722174,-0.0036588597723586683,0.0003951735840981573,-0.00996334853868961,-0.0002970734196811459,-0.035960644548270686
-0.04895224089833832,0.12105895501748133,-0.040622855928002445,0.034658054280273284,0.01791772924853656,0.0037583224703871885,-0.024288829748982034,-0.018155847331841658,-0.006439013020350405,-0.00795689460871306
-0.04895374418399168,0.1274687186227495,-0.05391179875556737,0.05246020477442403,0.01943218225019829,-0.0031292873875956003,-0.019403253380882855,-0.025228482266176352,-0.005956993275386796,-0.038081566340625685
-0.04506095465627951,-0.028931010548057624,0.031926180361706046,-0.027936851282488046,0.05060684863317289,-0.013360158515920649,0.033863826975304157,-0.009773323847983831,0.008412816052369916,0.008233346832047786
-0.043804604485690526,-0.05482160890042006,0.06244486215492372,0.0031876544739601977,0.07443071929614872,-0.012908603640157192,0.015552737366917245,0.015425824503410004,0.0029940888698601373,-0.013451245732063907
-0.036894234005658215,-0.020935997838052736,0.08927171619941887,-0.025189477113820448,0.07181606987450073,0.0029844401167008175,-0.0024050788507255106,0.007282097259753569,-0.014170997771663139,-0.004142971595260941
-0.09828077712925,-0.07800542065580128,-0.010273541169349233,-0.01741549328132851,0.009098172687771099,-0.0077133102479117486,0.019394156254746473,-0.006255270417713565,0.007578005946081571,0.00739811833088468
-0.06789872974578821,-0.0701646021493528,0.048423604244732396,-0.004738023678565636,0.08152879839543169,-0.00709768837773429,0.0056840573564486945,0.007941419980273295,0.02051951696576473,-0.012103838937601034
-0.021384826614300134,0.006414530808995673,0.09495826225116942,-0.020318832343153126,0.060900776180541336,0.0018391054724375036,-0.012848360238364406,0.01440606204643965,-0.02237456047326511,0.0010361823180559105
-0.027478748143354617,-0.03826752201859926,0.08743650764886765,0.0037029348486096827,0.07636301357670323,-0.0007075799907163999,0.008327650475390648,0.005909510332697086,-0.012827823221115588,-0.012179699525553544
-0.051721162584119094,0.059096071185552816,0.014184525095408702,-0.0030192334437986156,0.0607083060895321,0.00976791106894487,-0.0339686013224919,0.00537573808518725,-0.0005936604177060515,0.048424844416771945
-0.006859073860194016,-0.011349024052814509,0.10693648840767939,0.0010341440649361624,0.05415630932492538,-0.003573380988894077,0.00011571443738825778,0.009034750108925424,-0.02521837285860167,-0.014160073767580541
-0.053013866683522565,-0.059259284725567136,0.06348739920655347,-0.002290868326959031,0.07607536174385715,-0.007896834153869086,0.0068564824812465735,0.012223415248325922,0.005140465100529676,-0.01246740112292236
-0.04785162803599753,0.027891439129707367,0.034154122083160966,-0.003898863212626711,0.07765498485988628,0.00540677264985637,-0.026717709151335263,0.006303540527844943,-0.0012391192270262766,0.03593300393438429
-0.060721645257407954,-0.04121039084254943,0.05517464015569895,-0.012936409755881716,0.08773870622734431,-3.094406772442434e-05,-0.005545454671678374,0.008857576220701411,0.00868952720742112,0.006783107628396462
-0.04137480698419494,-0.03609568141265601,0.0746488040570785,-0.013284438081156499,0.0760604560198373,0.011496585941064093,-0.002811832607315665,-0.0026676057333890443,-0.008821649961889689,0.0007404325814940273
-0.10680607433906926,-0.09688003431308037,-0.008267515480519426,-0.0005482983215889911,0.03837241947554143,-0.003793641049402299,-0.004024537273048694,0.001954675712789663,0.02467437679756369,0.0036868260989511405
-0.021633831960842925,0.013998170525876616,0.08371749831442316,-0.04047245003358332,0.014405199512452947,0.030179403566380218,-0.01323764354129787,-0.017145924746342894,-0.01905542144725568,0.008815454073404559
-0.04550682429425623,0.04283507693988198,0.04260078670149006,-0.03131877489878353,0.040575394642476476,0.019160525519259234,-0.03259951201755331,0.0007967219666172984,-0.008957003772177105,0.0409254892223797
-0.04408479612035903,0.08305741005679164,0.006979023540614748,-0.010516013050473588,0.01640662236912669,0.01852604597995138,-0.03183909111359161,-0.010251804631944,-0.009412217151543301,0.024808324850652062
-0.07720381923999134,-0.030952382356841106,0.02608459890278306,-0.04101914272519955,0.0034235347550313224,0.0033453557926222794,0.003760833460506461,0.006000908419820646,0.008167351128425477,0.00258464029931517
-0.0029920801320199478,-0.019420216691627412,0.09582219307323013,0.006988744974745073,0.05834908410579282,0.007282870941053176,0.008025018632840662,0.0009335812310810108,-0.029942685812961695,-0.01359748061553674
-0.04650059748650459,-0.01016985511883934,0.07680643717328295,-0.046728061625988186,0.0416935643667524,0.012439267417632587,-0.009647881046123902,0.005643246516670279,-0.006430387751724132,0.003558819707389841
-0.002720524249358329,0.0006440943713119349,0.09796895314135184,-0.020436827583709006,0.02086660352293975,0.022179201582053363,-0.007263632628539194,-0.018376455644057866,-0.027525801795638186,-0.00950463796850339
-0.009458385097316719,-0.0034279398267265397,0.09946865581317843,-0.008819366458214772,0.05383820292039921,-0.008780621516914472,-0.002340996172812015,0.020007427360456194,-0.026172102060133547,-0.014173924173068713
-0.028366398158229,-0.021837296985422822,0.08839547233758363,-0.01615224649901295,0.06923200211296439,-0.00549067407489805,0.0018321554754297555,0.017419593895698658,-0.014011631881260771,-0.012009924227630489
-0.03816042034762475,0.0638427245026792,0.0487174831351411,-0.06626016134610027,-0.03333398772493438,0.020726056186810997,-0.007145173234908168,0.013241635556748147,0.007590038139659985,0.009464403936857584
0.010148022730808141,0.02357211714232055,0.031130553605506133,-0.060156119531228625,-0.03281073260998326,-0.03180980612048326,0.010373370857395748,-0.02083688044575339,9.830704373017128e-05,-0.006189282650420205
-0.03292884801822021,0.03948107479505273,0.07057721521802238,-0.043798408618054244,0.029198203477672758,0.01277206972525996,-0.018143188550423874,0.016414220254169522,-0.011362778235387543,0.021895566531532934
-0.013866607562895046,0.02462698180164032,0.09820135372964493,-0.0552321912073135,-0.014321273035015063,0.009158766360036878,-0.017811067777992896,-0.008358011063441773,-0.012583569840119482,-0.010751050504901168
0.0006026481807637825,0.006569839892296505,0.023964514547243455,-0.0511840616068753,0.007129251109598625,-0.03247000457557069,0.037585741753786255,-0.016134545023978302,-0.011011259676584012,0.005580247204961943
-0.04550180696614695,0.032527133193786625,-0.02561012874161259,-0.029764187692053485,-0.020493112236310562,-0.019459402035766342,0.062834352565759,-0.006223739934374464,-0.002810056980495068,0.01891900012425624
-0.03896515570919455,0.05463642300547717,0.05090294803772793,-0.06800316325703949,-0.050323467409150585,0.01417792680746485,0.003060031763079873,0.016520697918782364,0.011311183985699054,-0.006536537663832425
0.022381637721820443,0.008155067189224957,0.06352479157949491,-0.008291058113919055,-0.03289729554800795,-0.027435085962862926,-0.003914171194801143,-0.003693435940725255,-0.003494539085124582,-0.022986379188182072
-0.03251302728683064,0.05690258956054539,0.05312712728820898,-0.06610760478122248,-0.04135992833744253,0.016371841367153857,0.005154646854900875,0.011261691791059982,0.009293305550032462,-0.0009950961882893104
-0.014206564953183573,0.03916500151981941,0.08091286064145779,-0.06500432812130617,-0.050843701571409536,0.005621349890008663,-0.01596452591861481,0.003600927373438275,0.012520593839543641,-0.02225033194934792
-0.028685258683979902,0.05739419951872287,0.056804625807466536,-0.07426914863278498,-0.05583577853507655,0.01599573155137689,-0.009466145770367106,0.02105583397323085,0.022336306564584074,-0.012732441374218013
0.0031385301966668677,0.025579460846227572,0.07055030818423418,-0.047088618266042534,-0.04944071163572421,-0.008975734406609818,-0.014471234843433524,-0.008183805096846502,0.008403864894271465,-0.025184990509672652
-0.0397075516748291,0.08419252086119122,0.02595965487405946,-0.052516081747998745,-0.042586501703913565,0.014783206915438258,-9.056744257989876e-05,0.033013617604013466,0.021759945175151382,0.0010400246540816331
-0.0014125925969934536,0.02131730404724368,0.07877220244185326,-0.0474293542013125,-0.013521577327171684,-0.014649089324505704,-0.006522301565374519,0.009230025774165823,-0.012327780512385545,-0.020647224213928842
-0.0057670599489348905,0.029477932385516607,0.08414370696421802,-0.05218890713359917,-0.052900851020182084,0.01043457461105451,-0.019791562320043577,-0.016409501464370986,0.009325083834943291,-0.01757313577878732
-0.034652797990993564,0.03476403068402378,0.04986524171717982,-0.06680363179847504,-0.06431598221180662,0.019626614778028954,-0.014150850434215247,0.007091663489931303,0.007569850585635924,-0.010270179259667252
-0.045965499635824525,0.085955863348173,0.009020005344416063,-0.036909263257311226,-0.0327155565483028,0.016436776696504816,-0.005388909772738694,0.02016872711488226,0.0106176602829188,0.005946375322403313
-0.04498101606377143,0.023703622314947735,0.059915361221292804,-0.06042824804549198,-0.027255994428887906,0.02569497089510549,-0.01881472952537578,-0.005240964216294974,-0.008865992851865135,0.009898396213764288
-0.03383319564158638,0.051478193563561286,0.04723577574933178,-0.06672381688572897,-0.050581373478683876,0.014539890578806105,-0.008879199277424449,0.020956702044271833,0.01629747404234562,-0.009615153858587475
-0.051416427067476934,-0.016815623419657824,0.0457270710730334,-0.04051401972043857,-0.026871596620354366,0.029618332631309398,-0.006225540259973886,-0.0137396652383741,-0.024358109748826892,0.007504528770978232
-0.05251525175384494,0.0007906529379916208,0.04381449482084345,-0.04829060472266142,-0.021311982059647065,0.024325270972608535,-0.012593441095117076,-0.014523434383273089,-0.01983389260293986,0.01711756594701011
-0.0334081694336776,0.061314219852721,0.05064398615441213,-0.06959608342102487,-0.04131468442635494,0.020013859201526492,-0.01526211129029425,0.017279859414044557,0.014422129836026533,-0.00048323510116402214
0.0815130686289071,-0.013191150403502935,0.011426840546611264,0.040588740453619314,-0.017009306148067612,-0.0226430115579081,-0.006334599970239608,0.023103760514846954,0.006077576301895218,0.007847474126193266
0.020848397539207877,-0.014905319872803826,0.06033676306825284,0.025310547984730425,0.010067494332787419,-0.021011649114461742,0.014751112458450122,0.024010863348480224,-0.024935282722585137,-0.022156140780783255
0.11858635494507035,-0.02138119655168723,-0.03476976359094284,0.0005670605158584452,0.007704540017379318,-0.01759612243136765,-0.011389017657279812,0.039447606556100176,-0.010015425900212488,-0.010243497876622628
0.10904468797687779,-0.019310185678764098,-0.06285951598343462,-0.03400338583922565,0.019328423827333262,0.017374100248085295,-0.009222479057298219,0.009512760333726186,-0.005485465338670374,-0.01735179815243374
0.13353502348187388,-0.02310818746813764,-0.05427835290240597,-0.016183846037693857,0.004848008801878428,-0.012367431648920124,-0.01996918580846037,0.01604092668378351,0.0012398979821098101,-0.002633286265869804
0.05234803898628832,-0.012527187291475969,-0.04150070368256384,-0.05156813406881044,0.021960618397702098,-0.05991163235047963,0.02950594804507349,-0.021316920602420915,-0.013326815025966087,0.0011150864962381898
-0.0058548383697494604,-0.031017041453715654,0.0016740984096011765,-0.017635827269342135,0.03524859777376843,-0.01939737890906018,0.04008765012050818,-0.007562662827331764,-0.0008286000147952829,-0.005467178010954281
0.015172475717763914,-0.03224335877286629,0.002987355600134763,0.0023317970052222515,0.03638571857529224,0.0019762775702687244,0.03581708052611753,0.004811501677354253,0.002857479366066375,-0.009904485890633362
0.1095664902158612,-0.017483226500194498,-0.0234080603291192,-0.008300362097564818,-0.0015778287138596605,-0.052185067834708394,-0.014969519992625467,0.013092436958709734,-0.00755505848558323,0.0005792745340965604
0.02674631044919337,-0.023274380572277886,-0.0009366192466324822,-0.01608891150682928,0.033688936623992485,-0.01090292657736521,0.04545003156319466,-0.012408966739306115,-0.007567507897775637,-0.003337386158535312
0.11538501188937847,-0.01647953326253865,-0.07012587808458362,-0.05137799956345228,0.019114559096819545,-0.036068492581710784,-0.011116632675516427,0.003342985266886575,-0.01426008473414481,-0.011330760637686208
0.09783455026003493,-0.013184916388607332,-0.06365928580829379,-0.049567116429901865,0.019461713694311843,-0.02219275301096726,0.01109674237450188,-0.011355612615295966,-0.01562711169181149,-0.007626599754933122
0.10446629957888273,-0.024471611394668653,-0.04078751231561208,0.0010913081941516768,0.012909464950768529,0.0783180543831593,0.02341915087488459,-0.0018340691868102444,-0.003986992374673592,-0.007751136220703279
0.05697979353016094,-0.021191805346200552,0.06756660087436239,0.06514086480285987,0.008127041334303298,-0.00770551256407901,0.021832579722379907,0.031369127713735574,-0.01830263862793541,-0.007960180986924182
0.01746137057809753,0.007263827043996165,0.10719101851490714,-0.004506902208064104,-0.023087535874261857,-0.013923637353513556,-0.013207437151109714,-0.015376325754625267,-0.013067003705073217,-0.019870235444115047
0.09283209893970347,-0.01456523503421185,0.03612149585529584,0.05513351876625811,-0.02921904071711683,-0.040643035614128645,-0.007984848901499074,0.016342242813402866,0.00659803354635664,0.013148417333405459
0.0718120715239893,-0.015642250249441,0.06552278745181123,0.07956938476543733,-0.017428773366079908,-0.0211583146321242,0.010450869835583129,0.02883564761162963,-0.005759106992802469,0.0038105295035325455
0.06721085537604288,-0.01130724422107014,0.0795090563877868,0.07829060629103218,-0.031214034402148025,-0.029787463495065288,0.0027534311916695897,0.01432118025592713,-0.0032179127519987036,0.0013898069564992506
0.02883772133695949,-0.012873106025532497,0.09942889176516045,0.04829185812455713,0.017967279737090332,-0.02493410237356032,0.009517336181119183,0.020003665772776142,-0.024674725047471226,-0.015332345887990694
0.07334711036352938,-0.01784556546413941,0.05107263628577958,0.06548069819608192,-0.0035114344757180903,-0.01789690587695728,0.015735217590234545,0.041215588818668034,-0.015735407537012008,-0.002388514267112794
0.03307975706249868,0.004561708107478487,0.09779034263925113,0.01897909266428833,-0.04708625878919527,-0.014359730123503719,-0.016742209205370916,-0.02573316623807723,0.0015437408069264907,-0.01905594996636247
0.09782119326341085,-0.01719709756776012,0.016541158996508508,0.04459456873102927,-0.012380536309272909,-0.04089247050595005,-0.004808914444640254,0.03902631653114776,-0.006695433160888305,0.0023621145696418352
0.017251812681538366,-0.004729935839477777,0.09551821623964339,0.013519397890553772,0.01668336678800679,-0.02278653972757403,0.006446918035316778,0.02346443107305636,-0.029995295259068362,-0.022592043051752102
0.0545010227782906,-0.006114492148694384,0.08601538661105307,0.061035549919257755,-0.035817381592910584,-0.029138046071388098,-0.003579944399586267,0.001876497246189872,-0.0036764084623071283,-0.006319218617700027
0.05808795960687009,-0.0052789599476233,0.05193418363230349,0.026711157915186138,-0.035332064601853654,-0.00033320932058049184,-0.008852118072022519,-0.02401876147567322,0.005871191107513448,-0.007218993817479084
0.008485621348281238,0.0060199074273118245,0.11446644227596699,-0.007920976617397444,-0.007759368435440257,-0.0052256240719940035,-0.013978617413818237,-0.01404106659638662,-0.019715753375924426,-0.02351013811223921
0.060240969633527104,-0.014681729705344279,0.044827042351546074,0.04118471801045654,0.00729043470046165,-0.03151636609132781,0.01655842933638449,0.035564409423880526,-0.023635881342742308,-0.009389546659825247
0.049206513591946006,-0.015284418107096758,0.07076049550598067,0.059522428467887224,0.005784706305170952,-0.026729544541892438,0.018280189204345387,0.0387413443889217,-0.023663487303838812,-0.012048318042395664
0.014335775229693872,0.005239426986635344,0.10660641684456468,-0.005198615085104046,-0.019682341090369242,0.0013105714852155333,-0.013956957325133704,-0.024568262498843484,-0.015810138576853705,-0.019173190398118684
0.04507619358885965,0.004020569629224726,0.01922059553019515,-0.014664342804320994,-0.03458605496209071,-0.019966256226992773,-0.016232196485782897,-0.0299107060795161,0.014837734222833241,-0.007520537327784929
0.031652185162637445,-0.006211968396791418,0.09524739159519241,0.026907831655869595,-0.016962225394414485,0.013508164804620701,0.0007252849746963234,-0.02516958106380782,-0.013797857303408701,-0.012250745999843033
0.02886215907559096,-0.014010564114878209,0.06112166682590975,0.006558432094348423,0.017836703369064212,0.04751433370269297,0.014821625854210782,-0.028101279005120498,-0.022928777143404824,-0.0037556836884460416
0.021739894044443882,-0.008859525953396728,0.07330377546122802,0.03359732882856656,0.003847012889929977,-0.009996958059340696,0.014671028207320616,0.017580526711257833,-0.027928236114166817,-0.02039033098812858
0.04608501954142385,-0.0013253446925822884,0.05743668088926171,0.03132200552421711,-0.04632710844152974,0.007902501029672064,-0.009703604932445913,-0.03404032252594864,0.01762608680028249,-0.003296429878107132
0.06899568597761908,-0.011169433889881168,0.04770490485447718,0.051971491143004256,-0.014153955379371178,-0.03718181263636789,0.0035008135523691753,0.03438989947500474,-0.015556186083497209,-0.006985718886946876
0.12751818190396705,-0.020013276330691828,-0.06989183764003165,-0.04813020028008391,0.01549765672187421,-0.04410934826004887,-0.02518881766201255,0.005470876196215492,-0.008510154810412444,-0.007288396487013427
0.13867349416733996,-0.024763313135834165,-0.06123798934565103,-0.01792944346942715,0.011387966863570865,-0.0003592057524464825,-0.019616914218665904,0.02793143317472361,-0.0009339858627781871,-0.008318008061787239
0.08306757585097986,-0.016612340209217154,0.04437260851148718,0.06946733156957277,-0.01544475466983997,-0.02411984940141428,0.00722699456189037,0.04182180923300797,-0.006093297128258111,0.0027422783405104297
0.1281911935050103,-0.02252975074130801,-0.07207882633068799,-0.04070066739657798,0.019399204821496693,0.0026609233342801894,-0.006264642044865039,0.004116178486798505,-0.007900732162978963,-0.011088747218433032
-0.004796750016160914,0.04656367247867882,-0.04289196481863062,-0.02580655167367226,0.003963183750378066,-0.0394316390898786,0.06129398262562465,-0.019167448447788123,-0.010028875438346078,0.009474486087310916
0.12911255530379143,-0.02119150042285105,-0.054449365152345476,-0.025347671495356102,0.008140525668286868,-0.04188792554116869,-0.02150398204173475,0.01696055143707249,-0.005769570115145586,-0.0018101049669095592
0.09017595133269035,-0.009141817525046878,-0.05402637079371097,-0.05389570405218344,0.011472044175289908,-0.06114315503215887,0.009412562175566654,-0.018492929204862597,-0.01719337571547678,0.0011336975815992136
-0.019587828682262814,0.06753161762961662,-0.04730357599615505,-0.011743063614257119,0.006586754876468709,-0.03218346611051592,0.05709655464386718,-0.0161837036173069,-0.007811439914285751,0.011273170489782427
-0.00801773171750385,0.05408450695646001,-0.04548803074701008,-0.016136416003782156,0.00518824618592109,-0.03947831664713145,0.05592336105459317,-0.01749997961351354,-0.01011346399410943,0.006506968539973099
0.0657760130976665,0.001104150088479166,-0.04875756416464062,-0.04926793996056304,0.009794303000406014,-0.06497733323672471,0.02541344367726523,-0.01426777577692528,-0.019557265682138367,-0.00018944303866171488
-0.02074141866039028,-0.006491752508467253,-0.027699502090779492,-0.03993707910652193,-0.012870583889712222,-0.02951281428604413,0.057574311801721255,-0.02508978866626614,-0.010203567954333243,0.020145871573408303
0.12507308707600326,-0.022510063484283627,-0.06443815161919432,-0.03856314618544511,0.016112658189112776,-0.011513416742004005,-0.0024205652679111485,-0.003250760179498609,-0.008946934965546277,-0.003904031236256175
0.06801454116829096,-0.022505065387935057,0.014933535968816185,0.01775579066612971,0.01559911193197295,0.05858229732988399,0.028445092499675976,-0.010928378142676302,-0.01576309231404561,0.0010099435645150147
0.13823133447974448,-0.02457518417517953,-0.06970148266924914,-0.029748785491327978,0.015279177862595413,0.0039035324687351955,-0.020708565556808046,0.020470499841564314,-0.0015036853459130719,-0.011210135362854654
0.12463662916309126,-0.019909708494002275,-0.05803619023812454,-0.03353975153991069,0.00773430434645552,-0.039897848016903686,-0.0218144774509796,0.002336131836629448,-0.0033475871075043647,0.0006241343953773768
0.12649595209896955,-0.02502231785298885,-0.033102902469256866,0.01557717572204787,0.003868208013386239,0.025168239516259877,0.00048564398656811405,0.030279012188633533,-0.0004997258253690053,-0.0034047216432837478
0.11684006365257578,-0.020128136028737947,-0.009958773684806011,0.032398272351262254,-0.014826494349394807,-0.01833917656026121,-0.01396949394820492,0.025254482964365867,0.010080787941887484,0.011548515074896931
0.11145133942712941,-0.016066580040414204,-0.06389057159600035,-0.05111053707214376,0.014575070588499578,-0.04860767505048096,-0.02261117718281611,-0.0021866863933585248,-0.010795403059489533,-0.009031761500346984
0.042446314059181346,-0.016329558795485834,0.049380736933853156,0.027975179150644982,0.01939098570579896,-0.012000558855339322,0.018608597561618787,0.033387202112376814,-0.02537539590468031,-0.01980924642430056
0.12618782846695017,-0.02482507569921857,-0.06620381527537221,-0.026184676543534117,0.01932328237393149,0.04183940586015078,-0.0018966172073483164,0.011780509880302131,-0.004498474710414466,-0.017280751898123045
0.11844074710485061,-0.024268387147012987,-0.05568747634172395,-0.011682070989347886,0.014730363427459453,0.06482340527550494,0.006406298904061837,0.009784610443085805,-0.00033614791226590086,-0.015042602679123147
0.11146360112100026,-0.015599761529277162,-0.05792141995286084,-0.04602605677971278,0.012434797830686121,-0.05953605248788064,-0.018503681572838243,0.00560043488249513,-0.014591513927095186,-0.007619337501722707
0.10255175182655037,-0.01776467907529221,0.015287083039670368,0.050477525047607295,-0.02256345317087092,-0.01841153682529904,-0.005256422492596111,0.02141200225329123,0.007958896071402748,0.011059535598288319
0.08249392668284906,-0.005929633639224295,-0.043599374988737755,-0.04630904459033204,0.009144900378181218,-0.06847978235929429,-0.0021041489689407416,-0.005052626794301138,-0.01945971232618571,-0.007711641146789477
0.11756636992474419,-0.021255646334780238,-0.061267972752987274,-0.027061981505699686,0.01367113748910261,0.03126794271038108,-0.012994686108581465,0.008831934520243011,0.0002393967181893969,-0.017411774100518747
0.11718621581408642,-0.021632755581512075,-0.053107042961198926,-0.015339625685161805,0.0077791996306025134,0.04117622150940564,-0.008838184315382738,0.004918156274022388,0.005396518346566663,-0.01336860028479559
0.10281749194185565,-0.013361595659351057,-0.04831841688791966,-0.04192940247920776,0.009009646058743189,-0.0659497903250985,-0.016292411391924302,0.003986319287327628,-0.015227836546668904,-0.006606133269483485
0.11715895524736102,-0.024039126266514298,-0.04040565450730576,0.00635804535505332,0.008187564702333623,0.054248280762978426,0.003181282695392301,0.02226733756241057,0.0005712175393127376,-0.011699650538441759
0.02242084687191824,-0.00223974954553414,0.03199911078103098,-0.005653631651889866,-0.046400697673987565,0.0044508795674563445,-0.016199627598097382,-0.029587958944303272,0.009109152985711884,-0.016691963124712002
0.1262546879993031,-0.020195231677963804,-0.0695091235886669,-0.04506507042532492,0.015801552795322096,-0.03048403587334265,-0.027199422945282235,0.010949833980295504,-0.00740065884714233,-0.01232775063671469
0.1269973867136261,-0.0207130753321871,-0.06853270670964623,-0.04156049745971053,0.016348937824400316,-0.026491278865857556,-0.025874052284218987,0.01693912193310312,-0.008798578241971973,-0.014181450623631542
0.0889904162051501,-0.010264926726322923,-0.03183581390171659,-0.032251893729138364,-0.0050274434259338615,-0.034990532558069345,-0.02185869328474537,-0.008371608293613058,-0.0011346057257060871,-0.008161670246411276
0.07781385926342788,-0.017554214617725588,0.011809068917691672,0.023969478256445007,-0.006939210921939558,0.051375025272572185,0.016722924968491044,-0.01774033931325263,-0.005614266254357554,-0.00011332821673897961
0.13166329222245188,-0.022548214363151638,-0.050343663394019265,-0.013976890879494766,0.004856497268858681,-0.025717590777030067,-0.023142246082558788,0.023063948457550887,-1.9164787274958415e-05,-0.0007165409234653351
0.12883546903324194,-0.020649503491446217,-0.06886436940042341,-0.04360199022563444,0.015822027892691895,-0.038605052974977044,-0.02681882760194268,0.015275266887604801,-0.009589981331662023,-0.010684488138144002
0.12917006832993627,-0.025308217721745737,-0.058933131581682154,-0.01282063771172386,0.013353258442553839,0.044971693106842944,-0.0056516535497849445,0.01971208492147813,-0.00012864740782677646,-0.013472666843505489
0.09531538696596464,-0.011828950729690754,-0.0350949954463269,-0.028749389110571122,0.004504620213009694,-0.06326687083761581,-0.005285890952132013,0.006645081609999393,-0.015773799495254794,-0.0037441939875246266
0.11824728238497698,-0.023245851679679075,-0.015576401209836417,0.02961395653050349,-0.0004549854243375068,0.007937000931909074,0.0007943778194250415,0.03949565639373711,-0.00377210002306249,-0.002491312113369537
0.11455852914655439,-0.025681116583684535,-0.023382333739467964,0.02231445312105357,0.00492298285628651,0.05189097675844764,0.015074550208127245,0.020238970083039765,-0.004807544375497191,-0.004360323633627793
0.11646889895210633,-0.017593517862032372,-0.05800656400464692,-0.03873031482588093,0.011563882347156041,-0.04693575952713021,-0.024598135649372806,0.013413882471106014,-0.011808119173754125,-0.010946879349327601
0.04868275771207604,0.014904450958589093,-0.026439986536718023,-0.03923812180908086,-0.0032665147199806735,-0.05885014374216058,0.007020580747622811,-0.007635350306644533,-0.012823136090815658,-0.011735400633661621
0.10684547356081918,-0.02533045979324234,-0.037108660879133566,0.006785725874407843,0.009556819915127074,0.08713890135583964,0.02255106919857957,-0.004390442842621341,-0.001495639638360153,-0.0067112559263196
0.09371907284524598,-0.02498517653521473,-0.03314343144241625,0.005616302382103457,0.008544020069110793,0.07972822188367618,0.028071282983404576,-0.010595354858165535,-0.006111257491874221,-0.003565419094656794
0.12640014142883255,-0.02630536897026294,-0.0566655874076627,-0.00818041983096777,0.01310318387549334,0.06735675176615344,0.004491096451300038,0.010802996774877843,0.0021427074142295844,-0.012433515014176786
0.06640837022092305,-0.011436862783430679,0.03500266403304313,0.0413913959824458,-0.03356218313563677,0.02665001437772578,-0.001329867650856064,-0.024174422042908816,0.016002784119424917,0.0015892131254154705
0.08164903189948514,-0.016857349004940302,0.010710884236616484,0.03895743410906071,-0.017464533196883205,0.04909975745596847,0.010531178729341801,-0.018961638054668627,0.011006100933591813,0.005363709532996591
0.13469059024622404,-0.026491704212408682,-0.06487819758627683,-0.018739094269591763,0.01437234080674862,0.04561520817330426,-0.0037570927156355747,0.010966257222441638,0.002060468605858956,-0.011352445464235974
0.13626843376841427,-0.02601019134487749,-0.06116240707589552,-0.013134798917144166,0.010380309322767158,0.03897683787422011,-0.008783006791550198,0.015201592768057071,0.004789505094974456,-0.008489883412989901
0.10849114032512658,-0.02343438838850242,-0.0014121841917923363,0.04669285374326537,-0.009609818800147305,0.04944465227368665,0.014010075393670492,0.016453786106878646,0.0044308723401188565,0.0020898869017625566
0.1112898282059627,-0.01828929369975911,-0.04003864289798091,-0.011328484032783187,-0.0035699342567795125,-0.0038158100205987104,-0.021235068615641322,-0.0034115510799529463,0.01062606141680894,-0.0015350343917429942
0.12216991949171115,-0.02610668171198368,-0.023641578323824443,0.02520114611193845,-0.0022952078272287213,0.053073112233780036,0.010439007950460946,0.0074253475252303094,0.004986990882408083,0.0030856291380976075
0.11194002075396402,-0.025306886464179886,-0.04332714986270331,-0.012385075019222992,0.009997625303166453,0.04412364035803111,0.02262316050388212,-0.01837299244507023,-0.0030324915615614263,0.005071883450187124
-0.08741154407761022,-0.0965068777065058,-0.011166334705948706,0.004192670920842805,0.041578438477875436,-0.009092824517950487,0.015327634173653834,-0.005376323989033234,0.04150359761843957,-0.010451363431699412
-0.021643309644245195,-0.05965150588915237,0.0014058598739607822,0.005645651598453486,0.02789817885153279,0.036772648108020736,0.03364845352816745,-0.019699290057492196,-0.004629212382302752,-4.764530410565248e-05
-0.1153245658295354,-0.11515362978233941,-0.03043638244438494,0.0068239281828042396,0.01729280337530574,-0.009504332565760724,0.004610556138335293,-0.0016264907385315198,0.03496494180476294,-0.005753044493114814
-0.11690772383647235,-0.1183084735054858,-0.042407876698275,0.011921116081869628,-0.0029190878724728044,-0.007824298558867234,-0.004672063276421733,-0.0006796322657396309,0.02706602197175987,-0.007265771693645125
-0.12566555299038387,-0.12386680714536007,-0.04898660218633519,0.012041046594475795,-0.02135788402468413,-0.0008748302013788326,-0.00826799045893589,0.0022489370228124896,-0.008712818576621461,0.001419993326742629
-0.125127429231536,-0.12401982300092068,-0.05482818883373246,0.014909832333128129,-0.03175884533890723,-0.0011440877822050883,-0.012719987504780352,0.003273656780934096,-0.013038637163970837,0.0009353220330745697
-0.08133530270430854,-0.09759375671757255,-0.041622868698180424,0.014580252591503308,-0.033014327273750615,0.02636799529083108,0.001721301907362993,-0.0035515265117069534,-0.03540320667908643,0.002363586195150257
-0.11109973648130475,-0.11409527771684673,-0.04654023248274017,0.015418331868743036,-0.016328925241633103,-0.006648555490906952,-0.007863262321935637,0.0003104682775621504,0.019000683288383426,-0.010459464196930942
-0.09529537260213838,-0.09334426194429991,0.00127196346903114,-0.0007799045544975397,0.05331863925512504,-0.009760911158017957,0.005242990079163387,-0.0004630896491835173,0.04177793480416947,-0.005458963178168342
-0.09421716947777706,-0.10073968175096408,-0.024492238550742174,0.011085262016057373,0.02201590614851744,-0.012473149933521723,-0.0016763910567613215,-0.0018417277369052972,0.05136859910106542,-0.01582803186213622
-0.12479253933208316,-0.12199092656603402,-0.05755349426801615,0.015288684066452372,-0.042801246026751394,0.0022371182886578717,-0.015699428606580267,0.004430164006800022,-0.027919510560317808,0.004091994391067937
-0.1261969792270537,-0.1167281615947473,-0.05734962947597017,0.011861990673827292,-0.04358358268901118,0.0027156959157509705,-0.012086625969707455,0.004956964888109781,-0.030591337308452742,0.007203098795121634
-0.01660547298530997,-0.04691990803707196,-0.0021754560140575816,0.02017737101805948,6.792603542622425e-05,-0.006532312740677184,-0.00243420557307891,-0.004766456488451403,0.03834051334366904,-0.014549134225859192
-0.12303022878541783,-0.11836087433132107,-0.05677291205468445,0.012956555212594823,-0.044641449343326055,0.0033460163611931317,-0.013238252175029833,0.0037025210801705905,-0.034320000914446876,0.0074607026103234554
-0.10102009266697413,-0.10560935467394668,-0.04459986711253253,0.015378986338029055,-0.030265644124208957,-0.0011236900901752092,-0.012899956098522921,0.0026798467378490445,-0.0003532653919314752,-0.00919770875465225
-0.11411635820991198,-0.11036365680289195,-0.034650774029563396,0.003584863476683814,0.007308572281198505,-0.009062110381434993,0.005596274639413921,-0.003002929373682874,0.027986276249585544,-0.0001805205175891377
-0.028553844544660485,-0.06924772445120687,-0.0426966498145747,0.013365716372075528,-0.03281725716346555,0.048170426666402776,0.009045520420357056,-0.008695890579214117,-0.03574265810697946,0.003499807983053276
-0.09328786290628054,-0.10000945624437657,-0.0242588663897889,0.011004271725241632,0.020923572882488826,-0.011965455634189645,-0.002435309652726944,-0.001595070295334443,0.04942087389588532,-0.015456263725132252
-0.11496023281657866,-0.11098595329893084,-0.052270060152995956,0.014227598594042849,-0.04438331415180005,0.004766285722152748,-0.015415401010878477,0.006399701655986834,-0.0313464220690738,0.001946619296294559
-0.12167180874171432,-0.11318554773135135,-0.05635028345742715,0.01250018811778739,-0.04631837443851468,0.0034738304985558353,-0.013337791391224835,0.0047239312070721795,-0.03383364064961007,0.00658662479205512
-0.08849013680935061,-0.09624211214952114,-0.034966091362623554,0.014785878324026407,-0.005368484743053527,-0.008976806703782625,-0.007212002717226934,-0.0014092913892677793,0.033576153156776666,-0.016175075177238964
-0.11361084837321203,-0.11371058264968098,-0.025149345396684775,0.007185492641332442,0.023573891073385547,-0.0075983526526549345,-8.282803835258282e-05,0.0001589064772002002,0.03348119361530219,-0.006042027312632314
-0.12435170151371198,-0.12275919559091948,-0.05591576342350967,0.015342964957701592,-0.03698929741740806,-6.006465626941415e-05,-0.015042652263042636,0.0037430263947414244,-0.017182187766154995,0.001311346071900856
-0.12207921647342171,-0.10946014663468837,-0.054430347771370145,0.010177947718168857,-0.042573415999208025,0.0033967758914094036,-0.011754337084391723,0.005750498103079618,-0.030434229744131343,0.007492953007179638
-0.12532133540385693,-0.11736090067452666,-0.05680629887812525,0.01342860620654399,-0.04256536082210545,0.002538841223431254,-0.0146194245828091,0.005586218190958754,-0.02781578908296581,0.00528189405895463
-0.12472856912963441,-0.12303415435891935,-0.049038592793860795,0.012896232279534075,-0.017465614236701052,-0.0037251757490437175,-0.010865760183851473,0.0021847045821614926,0.00600749198653743,-0.0014056724221972502
-0.10566040675608818,-0.10691875585576463,-0.011552635077441586,0.00438881909874372,0.038508122308990395,-0.007567488871375606,0.0022182263290110474,0.0003318298590888992,0.03668127905413487,-0.00756510124539161
-0.12326205562948093,-0.11437936124418109,-0.05373591036375803,0.01082605839648708,-0.03796505758366327,0.0022849824022008287,-0.012092939345173906,0.004099296163585631,-0.02720749271780481,0.007428276219380799
-0.12639907345124005,-0.11797653540503096,-0.052159300782574254,0.010435105405659758,-0.030462652198783607,0.00022918965975651256,-0.010499597485793988,0.004370418173606065,-0.017142913396818105,0.005764839146008663
-0.10981080361303679,-0.1096077831340245,-0.013503879281120184,0.0039026800638438334,0.038893178099831005,-0.007577472068307247,0.0005027258963323915,0.0002178043028675538,0.03744531368641852,-0.0056496682812175614
-0.054812837059191856,0.08547132942864909,-0.03958398166729088,-0.008075029471512464,-0.017610129595257863,-0.014798195854708502,0.056858639565531235,0.005478015686532923,-0.0008867733405120917,0.0123161468191373
-0.0349128244440942,0.07943189412799156,-0.0450242947079767,-0.0012010379177945932,0.002681796504538494,-0.027630903083991385,0.05902785480837568,-0.013785002278212749,-0.003950044857858913,0.009415426711868504
-0.059538587579467235,0.0609528536824209,-0.038213017191225024,-0.009405829828754396,-0.036392563215528924,-0.006899138965430679,0.050380621778833796,0.015759217386109605,-0.008836902954610846,0.006584860295174548
-0.045839444983428665,0.07010470042261466,-0.0005030904360539424,-0.03631508225425505,-0.042451811925446906,0.008237670667197865,0.02586141807139336,0.02278370401330684,0.006985020735242972,0.007260454513980154
-0.05427194432012115,0.1293968735122484,-0.03964376720468614,0.013136454488552782,-0.004928494870939249,-0.000848554704373228,0.02010357820119635,0.026748944982838335,0.012950066504755593,0.002174627563001376
-0.054560696703896065,0.12003780274296777,-0.03963512553281379,0.01511615529952501,-0.008719059824092521,0.0016327111276715357,0.011315145135538681,0.00698767975637759,0.0012109243726946119,-0.005631491551155472
-0.05541822172770548,0.09021873614797855,-0.039606164010168234,-0.006707300813559156,-0.020471515636176656,-0.012897998876605123,0.05713260423591548,0.008477058013326065,-0.0007006213042672138,0.008655095985551095
-0.06070277385762365,0.023163421242666536,-0.031082858199434658,-0.021964506190756426,-0.017874031495156224,-0.020013641223665595,0.06009042805011096,-0.0065841237529857604,-1.8876298109795025e-05,0.017011443036421724
-0.06503892255978418,0.10689206583650498,-0.04862332384637591,0.01567350521206047,-0.018334443772336794,-0.0013261152984983308,0.025915113805695136,0.017066448717267757,0.0010071243069978062,-0.007511245710956502
-0.06674770447664312,0.09552596246975799,-0.04106458359637541,0.0028055018505821322,-0.022012032518935166,-0.0007800430185878368,0.028438859760113875,0.015365992394728183,-0.00029296310297747115,0.004475161815584209
-0.05737297592710014,0.13280923028402933,-0.035632988361364665,0.005590028187393259,-0.009337832810437685,0.0011456704065662866,0.02028015341193263,0.028292320122490375,0.013622200591872542,0.005005516133366785
-0.055507167354548734,0.09220429672227656,-0.006711911688422679,-0.030868750907676403,-0.038435506024172096,0.00781355492818475,0.02101178759577812,0.035803979154351843,0.017002010143117918,-0.002074987062093848
-0.05390503958205367,0.12187495655095679,-0.02475921034241492,0.009769455259460854,0.015265007994706037,0.009602927624114426,-0.02241994885761589,0.009481351031387766,0.0035784995879451927,0.030875176033453414
-0.054933305916482475,0.12553942534308876,-0.028004482763529598,-0.002756586245554519,-0.01097775948247261,0.0018815842401731441,0.020514637287764568,0.030201877160567717,0.014155125834348274,0.008195485154114609
-0.04995131627617543,0.11083940935860896,-0.015450162462925078,-0.0030016681767072186,0.001723137816590093,0.0045014772285231555,0.0012834129752367451,0.027856299101107145,0.01238206198107168,0.01124903265529812
-0.05265942740767424,0.1302330844075426,-0.04811212985563407,0.028485890950820582,0.0011237838443491116,-0.004196332138295968,0.01658321447197125,0.012493246539509251,0.007873451966442001,-0.015750057384789375
-0.05074391470217502,0.06886977865950919,0.01787305718390126,-0.011356042328966823,0.04421745164627648,0.006607976729924844,-0.015835541842383165,0.016017958772603216,0.005366918146800263,0.031109979259649777
-0.0524507240253911,0.12828816025180517,-0.04683536833899999,0.023122234953921694,-0.0034382632730736366,-0.004949592412910692,0.022491711765218404,0.01579391720176042,0.009041506899384181,-0.015058983052543511
-0.0525706046963261,0.09936016730069928,-0.026318253335424407,0.022298723214181474,0.039006254361580395,0.003819051072983818,-0.027899400517170183,0.0016985117613755182,0.0019985169559584948,0.03703792263474997
-0.07205983608768056,0.029800742040908882,-0.014343884997488262,-0.025839083174849942,-0.05097958665601029,0.015452535674082066,0.004421878779248198,0.012314128165726619,-0.010867414379106613,0.008140409032364888
-0.06478761585547713,0.12261134428314104,-0.05641815945710665,0.03863432837586605,0.01014915392291717,-0.002727067173003951,-0.0018126574684263627,-0.002463886140669005,-0.0016022323794290842,-0.007583659753879223
-0.09293991769529313,0.0210562039673391,-0.0420224060868543,-9.74229470280814e-05,-0.031169578426693705,0.0027705712540393255,0.009458805593169747,0.01594232551638712,-0.0018908337142828245,-0.001694985402312157
-0.05711955583831439,0.10565746694792744,-0.04036743190510325,0.0367679737161883,0.037722827971306244,0.0007338519414262925,-0.02938278787300728,-0.011729291582737193,-0.0004868832239519774,0.020568895834776276
-0.05381445267485186,0.1323380230107814,-0.04788198483139516,0.03957041216171342,0.018726265060642996,0.0015099026935612946,-0.021705419618950415,-0.011606893833600581,-0.002437297738321523,-0.007375355155374915
-0.05710530942349193,0.12530515422478514,-0.053530765137059795,0.046535452897670325,0.02562527481867755,-0.003473298295462658,-0.017416405004190314,-0.01676399232729677,-0.002617622267239098,-0.009294238518959334
-0.052839031402656084,0.12389460486666218,-0.05091324994192293,0.047115758034243,0.027285999669537046,-0.0022941759060315313,-0.022579016402410317,-0.019760195122527826,-0.004998411245971615,-0.009630972825062615
-0.08262652506897905,0.06084181586733477,-0.052092913752963585,0.0328666811454565,0.015110919419562014,0.00013072610911141433,-0.021563563139248402,-0.010115501577286906,-0.005824650699773336,0.012910353319203736
-0.06315286299720975,0.08567533363208389,-0.02503595587986578,0.011280672324834524,0.023375591768679024,0.008761389388299018,-0.03222746162900721,-0.005204915419424588,-0.004120229904115474,0.038566656002767666
-0.05331466354401556,0.13581715134916167,-0.05654991041269017,0.05132942129816084,0.020074063802543993,-0.003515281801415037,-0.014787163618021855,-0.020531546255858065,-0.004914633156299533,-0.028026225444769407
-0.047623010643498116,0.1265927617682966,-0.05323897566941693,0.05327629283580835,0.022037952376480093,-0.003136880407601553,-0.02119490142985143,-0.027511511080625353,-0.006855252621671301,-0.0356703878267711
-0.044766741765174034,0.09009501479782936,-0.01619545760803788,0.019456011999305748,0.04295845108040074,0.008010701655341854,-0.04107328222473215,-0.0031866484450666843,-0.004254526529507073,0.039979499383418264
-0.05624330573809583,0.1043332265635889,-0.05048020882808456,0.04470873486520687,0.018405098932420805,0.00014536683645213945,-0.0248357033563388,-0.026791089237032654,-0.010361285174476287,-0.017791064937250863
-0.055557865734894914,0.12733144410782082,-0.051079034087025306,0.035822525946805274,0.0010792618008283587,-0.001617945112823683,-0.0008630044880513931,-0.007749188026920494,-0.0002787590166339167,-0.03395883967183671
-0.05313393781223738,0.13113030952222557,-0.04971915401278343,0.03379484149430607,-3.0194731548801214e-05,-0.001936916663122574,0.0038064143726948244,-0.003104865741752689,0.0022350773687878594,-0.03261009336411784
-0.05948160540071509,0.11194711343936639,-0.04519195498187779,0.034351440245524334,0.014688774834471896,0.003085936060939204,-0.023181164834644982,-0.01866854139117909,-0.006965868984174692,-0.0072686230805923645
-0.042222997902072595,0.09301420817687295,-0.009598992187150492,-0.004468824233975482,-0.0009043687160205695,0.013776252506822349,-0.02772797054677747,0.002944821456122701,0.002541436818075439,0.011332630281388714
-0.044119512605302155,0.07425560659594359,0.005687256321507721,-0.010608378413041528,0.0132513664832006,0.01791509989424389,-0.029071206586419058,-0.010809823753322038,-0.009960216921067978,0.024041793800097497
-0.04958082887429392,0.12366047322853727,-0.053819607986592494,0.05291156988637335,0.02318782176999038,-0.003741971589182713,-0.02093503576338909,-0.028257825017190482,-0.006361076661075916,-0.03309394014074305
-0.04866225580415043,0.12630743763122407,-0.05286172682543006,0.05136384190326556,0.01981940670751112,-0.0027202444525699075,-0.019985469839418735,-0.0254583383418982,-0.006481029672951781,-0.035385218557231424
-0.051834419874156885,0.1254969227591447,-0.05499298761523887,0.051299864010218535,0.019555947329374986,-0.0038845519693145193,-0.016714452336291295,-0.025620261285136593,-0.005849361647398349,-0.034389567391047725
-0.07852766464794193,-0.07732690682788511,0.024823252590165094,-0.005919331177834392,0.07142281166872406,-0.009386338863368452,0.011426813314129435,-1.7790015517108713e-05,0.03420692902750776,-0.006647421869872673
-0.04277851561836002,-0.006512806009378485,0.08184942678347157,-0.04333331821002275,0.05062948044785814,0.009924479557636503,-0.004119853020023146,0.0029342880831974122,-0.00482070064632013,0.007661095874569649
-0.06982997277703902,-0.05450395080260162,0.007980990514231779,-0.029686271279705734,0.018335420255081704,-0.0029160834213731073,0.031041328962177397,-0.018332462813419364,0.004565337195031872,0.012936075214498582
0.03452630003338402,-0.0226653467488446,0.0593715953427171,0.02526182296831939,0.023797694650957695,0.04092319675073838,0.021108112878929587,-0.016223301560042817,-0.01648606184967966,0.003140145629497655
-0.05439865430346952,-0.06287772356534739,0.05969454935472176,0.0016531905863075192,0.07905578608330419,-0.003047744878255269,0.007492725398995597,0.004762726249953971,0.010720062912453403,-0.008496335904782049
-0.03966190918379461,0.003772340270938479,0.0697488393878521,-0.019442406617814004,0.07709776754074334,0.004546671999548758,-0.017182007674337658,0.015358348522677093,-0.0051574445463617065,0.021295750473746346
-0.013333745197913643,-0.025679048452204957,0.08474958231904646,0.0005510025548245998,0.014160396754837499,0.018298474172860863,6.536271206084218e-05,-0.023811948683906205,-0.011997514950803529,-0.0045081019400219505
-0.032139950278729366,-0.01930807666266477,0.08845244037415184,-0.010158391158948812,0.08017714075622137,-0.001232633742726279,-0.003636976963177241,0.012455171817065899,-0.011239175172141005,0.0008796466305688122
-0.05059516722601169,0.062047527795159145,0.010117113403543132,0.004020540555896481,0.06513979354134282,0.0074723568189988265,-0.032292185127656435,0.003799268496915046,0.00039512145633529715,0.044864211997825046
-0.04378174492048822,-0.0514792284549868,0.07420395396962823,0.003409209360243047,0.08304358197105552,-0.005687555764687133,0.006559900195103689,0.00930014343220359,0.0021853748914219223,-0.007646397480774455
-0.004862026073117605,-0.017448691980935124,0.10395680255306726,0.009486969252293703,0.056613895761667636,-0.004951994418057527,0.005631294699086542,0.006013879511432147,-0.017219455961563046,-0.008431984888366793
-0.05209232246445601,-0.046674111696345694,0.06896274750868348,-0.012568229849585222,0.08301459652739458,0.005404660288270732,-0.0006260407836584012,0.0011952134895238426,0.0019490223405776279,-0.00044493323365233614
-0.05460497002210351,0.031503890207130285,0.022828089727700496,-0.007755194536447713,0.06774722421628562,0.007529272034820513,-0.02928536945476412,0.0036767709439035393,0.003121117290392041,0.04295762867789728
-0.07531350880640846,-0.06794161497389857,0.03879775777637818,-0.010125254538588719,0.07468492799094466,-0.004482823901250273,0.0027799711196332,0.005471886664293752,0.01653318133812192,-0.002521570924521375
0.023077338796858898,-0.014624534227797482,0.09324721535018617,0.028699609984342296,0.016218694251071506,0.014620910830653948,0.009665216099142481,-0.0169477910037247,-0.020478099564028348,-0.0034380924141788186
-0.10830386581737593,-0.10152445655323315,-0.010418242514260564,-7.397464267001495e-06,0.033553730529951115,-0.0035090311910489893,-0.0008591675573761318,0.0011299131457748967,0.02057601012109233,0.0008904743313510142
-0.038879438372416614,-0.0031554870411996967,0.0637139009592723,-0.044187084301891964,0.003701530003158786,0.026524747525528122,-0.0052628763783151905,-0.01999870274714367,-0.01340481762444346,0.010933054470458066
-0.03802875819629428,-0.018341892077757486,0.07850886493001866,-0.027757849521470385,0.05086211182272828,0.021024724488136148,-0.012179000238137078,-0.010309805607634247,-0.01403014624253176,0.005498067951586778
-0.045244052914367505,0.0624376956689225,0.02749590879054752,-0.021574117315849996,0.036260864451557705,0.01884586094234435,-0.035138568836440676,-0.0013561177471212381,-0.009216165413975227,0.04532291188719674
-0.07719923117269356,-0.04593883597695487,0.0386990760475262,-0.03381451333803268,0.03241806777565838,0.0055535634757842905,-0.00024834926036942527,0.004074221128811465,0.012572832464426429,0.0015894247353221973
-0.04253152450214621,-0.029596926376388825,0.07741728491977833,-0.019508300535524225,0.07723008049165822,0.007011152424018588,-0.007480496317694887,0.0030699388561786453,-0.009771148592258319,0.0009421592142760388
-0.03898462168958314,0.02891429031475155,0.059518401127098094,-0.04116789564864444,0.0391285303886573,0.02092665994913568,-0.03113033317809199,0.0030721029083670194,-0.009031111186799055,0.033050690593715785
-0.019713339631693746,-0.010606428334614152,0.0949626132722445,-0.010711782512489422,0.06350015823167883,-0.006090402677924367,-5.2852921264846834e-05,0.012592377193265846,-0.011910338648729672,-0.007531215755903985
-0.0033169174543458847,-0.006203987917658534,0.019801735306490237,-0.049347273564964274,-0.006947105951505586,-0.020261385557115635,0.03192082453737728,-0.03615196589675525,-0.0007491412774838028,0.015411587655320738
-0.05812999940043392,-0.02162932692654057,-0.0238556524889709,-0.028840116511379105,-0.01155784884537574,-0.02180468024971014,0.05298119164960709,-0.018998595220023888,-0.001830124680188144,0.01789202212292139
0.003715781421882274,0.0036326072457168574,0.02275870881890192,-0.051257638417256016,-0.021147319561741904,-0.012295001843852746,0.02606218374658773,-0.03761330871245841,-0.0021549181311588997,0.01411395686360278
-0.0370978210503848,0.04680386990600292,0.053240430506750744,-0.0729262049964972,-0.045616005225347256,0.017203471659272936,-0.004747374778593027,0.007314939819278464,0.009793684633944838,0.0026664632224734325
-0.03424789096437586,0.053988796610704465,0.06495560852190493,-0.06883190640716394,-0.026167629282494994,0.01911057943469953,-0.013809035546265115,0.017358653422481416,0.009916242242824731,0.007558598942066502
-0.017542806478023035,0.02073350360015037,0.10499873310398253,-0.050284616132072475,-0.0025121457483912968,0.009454815596316954,-0.019673562819021835,-0.005063831501273249,-0.00784123221098501,-0.008745244913399182
0.04592467174790123,0.0011210063571349342,0.07968043443662191,0.022507955577387974,-0.0468614876614813,-0.0228536002346781,-0.014336580568789213,-0.032409755456248225,0.012023027262701123,0.002714630889976906
-0.05559087073105954,-0.01597394048066321,0.04666634535516792,-0.0513683800479587,-0.0061720180698698595,0.0008854404708169786,0.0008328044716019773,-0.0013434075893644596,0.015504474609229709,-0.005441800655160123
-0.05648754581748496,0.030285218681184854,-0.005684810406923183,-0.041725870249096395,-0.03351778612074653,-0.00595871665929887,0.04864969262502057,0.004718413096678024,-0.0014402865019430824,0.017507148355436025
-0.022547987508654402,0.04262194129757933,0.07114358587277043,-0.06554155884995884,-0.05789734264067958,0.01208597523741308,-0.014051822664182364,0.006910768349347689,0.015788527828431393,-0.016431266080935737
-0.03683408521342739,0.04964085637970297,0.05204187245330128,-0.06643813082672625,-0.048096381741216075,0.014991938640500914,0.004397628550158857,0.010625131735247323,0.008177732569828011,-0.0041071415531913165
-0.03665325431646719,0.06081369035187467,0.05307277882649959,-0.0653357346762512,-0.04260992538068603,0.015043586460813923,-0.004258444752370377,0.027597492641400413,0.01789868128912946,-0.005551318513159743
-0.004019581536245115,0.02618645402545676,0.09139048803626793,-0.04478166415388748,-0.04553067201482521,0.001595432506901982,-0.018775003717501404,-0.009353343753766941,0.008841219016549894,-0.019344404315731933
-0.03454923952930259,0.06818218782795649,0.048554717980243495,-0.06777646356919952,-0.04887369107424834,0.01731427355843864,-0.00797470487417925,0.028925266161689694,0.02320137809141107,-0.00470555212599707
-0.03452342306292208,0.06004753826254559,0.04980203551409438,-0.07072330518580955,-0.05287540984960875,0.015276373252700596,-0.007483875832514199,0.02506363853055458,0.02178977100082883,-0.008018323323977684
-0.00471659656940892,0.020717432187296502,0.10643930803707524,-0.03881489031265125,-0.022821830490383145,-0.003104603055102052,-0.01563322688613539,-0.0029097521265502215,-0.005566668828155591,-0.021411484394974936
-0.0017765269284190448,0.023696505637383142,0.09309063620927412,-0.04358014281228522,-0.04870806033148926,0.010517238126058258,-0.02082726296168063,-0.023845436030352954,0.005725009583000017,-0.016593906141729092
-0.0389330940644643,0.03376779048117852,0.05584309544964898,-0.0709910006066147,-0.06122474301021384,0.019888178056761855,-0.01483710044275064,0.010246605653580702,0.01063111722413605,-0.011113623320778022
-0.046292567443531975,0.08038213330390413,0.026527220006094178,-0.05144154174550406,-0.03558747373026815,0.020369402862404067,-0.009950986930990658,0.018513522478413702,0.009791460650520627,0.007891609112255645
-0.008791800295545145,0.018420264374698982,0.0959252748711731,-0.04174324012406348,-0.02848696798823709,0.020898679307714742,-0.01776221466940947,-0.02606777876712807,-0.008968865882712188,-0.0048687978072583064
-0.04145745217007054,0.027602736198134244,0.05697405153895734,-0.06980283849188326,-0.04638314859861091,0.013771454418235676,-0.011296640442541245,0.013656974232391246,0.01164228678143618,-0.010957761038001333
-0.07909795997928859,-0.041198885992469576,0.02666085915295111,-0.03974099803879686,-0.029348096512904417,0.01971675364832899,-0.010440014763133955,-0.006689693971379203,-0.015679275706285425,0.004953063324281849
-0.06182590551696696,0.05756478570588086,-0.003053452633354066,-0.025397466968757505,-0.031519684569164604,0.01954776678715601,-0.011749902863895644,0.0073314579085301465,-0.0066008775488128795,0.015309078110145884
-0.04427021254024676,0.07255104028109204,0.01974516717463178,-0.04888830114836938,-0.047232100672910025,0.01267809037574345,0.002051751436068488,0.027899170157485075,0.02031388055703083,-0.009386727867123308
-0.01429465462978491,0.03522187555271775,0.077803055076329,-0.06830201112356643,-0.05361025488017722,0.011385429174823266,-0.01582670596715062,-0.010956247334851411,0.011275731427311628,-0.014951164365911613
0.049998121390955025,-0.003574756757535736,0.06222605730518086,0.046009326261249026,-0.04034353407429865,-0.022956890097601663,-0.007907037433680097,-0.02087017135294756,0.016327767051891127,0.009964067364373087
0.0014043785235593551,0.000658728418506031,0.08793833834591328,-0.009836630198559647,0.008173629868997815,-0.016137826624093056,0.002725314847211206,0.008863389103894039,-0.012756092265952588,-0.015603416154547233
0.1298224349031289,-0.023144248746094102,-0.05269649087460595,-0.011157953111318541,0.00670081744948906,-0.0002719699556604731,-0.020017231030669057,0.01927379126321682,0.007901353814028593,0.0013746591958454497
0.046448275419407464,-0.004839865224564574,0.09710989456101396,0.06186268758805852,-0.03577571930539871,-0.026420781007038045,-0.002359903744524908,-0.007693604689810364,0.0028176397254462628,0.0005707825654886554
0.11001016228634149,-0.02050892802752974,-0.060575906195461604,-0.028418283897924883,0.01781775009484754,0.028501581584607617,-0.005523790790943841,0.007488293626082817,-0.002327167035694488,-0.014537389927602645
0.1360998686880811,-0.02475053346255411,-0.06953646239980138,-0.03410029081472863,0.01395853633907196,0.00035745816330502446,-0.01656979964663768,0.00019571723065636774,0.004634506350361324,4.314927690038888e-05
-0.03448849870272025,-0.03592085990205012,0.009050922549528129,-0.014736146808665099,0.038650810056543174,-0.016289597324231315,0.05314750598057154,-0.01572436211440859,0.013047633467952955,0.0022410010526146776
0.10464041654278454,-0.015223525257232076,-0.04540444320217032,-0.03619016429901959,0.0018129694309451873,-0.04795268359265064,-0.011791976447638098,-0.023971994695405903,0.004462626394850511,0.014139667715740089
0.11678724757010793,-0.018926358626247038,-0.06921644079100057,-0.048745018396379694,0.018827391628400258,-0.02150778106808285,-0.010309134057206551,-0.006080546137001729,-0.0074719234120863105,-0.005683872734282222
-0.010033416356432952,-0.036482948755552025,0.029017894447379036,-0.008910438470132424,0.05337376028331551,-0.0023242055763084816,0.04297184532882621,-0.011399163812724622,-1.320293377875368e-05,-0.00010562905889748036
0.06716063338244134,-0.001612822954582589,-0.05642241518539594,-0.03398635499228096,0.021537780331940915,-0.006544613041063295,0.022902518299276503,-0.016683577370189957,-0.008319568448375633,-0.003800506799427775
-0.03262844967021862,-0.029541578101616294,0.03626061218239669,-0.031043817745337567,0.04035024859170951,-0.0002987611193797283,0.039062106111545675,-0.022769967259875647,0.002928259669499859,0.008280792480943513
0.09428042695998524,-0.019035030355043097,-0.03884133051510639,0.0013909143464228557,0.015062402362345777,0.06959829365006558,0.027926294898224048,-0.006069420651726641,-0.0022389954160008537,-0.002811195300645352
0.10569249719668347,-0.018165960768165613,0.01988206514408404,0.05615753326177445,-0.029973816577422343,-0.012258867101955008,-0.008085155591514927,0.0018491631942490628,0.023515241499116872,0.02696342276333645
0.07651337335315962,-0.012439857352469256,0.06431780679814315,0.07597645378439774,-0.03930560144860751,-0.028090515507130456,-0.002633994799998704,-0.005047560144233387,0.015532389171219541,0.02139650033357465
0.06282055567127295,-0.0183991240327059,0.07350783854728349,0.0776201454977053,-0.007244811854738624,-0.0074138417954491085,0.01781756432539364,0.01663677091773887,-0.00470855642899154,0.00612409463267116
0.025836745759094008,-0.010421443444569642,0.10456361186275813,0.04381730004457747,0.008608670916167094,-0.020845021784783972,0.0033868703032510963,0.006665049818201066,-0.0111122187126247,-0.0043077066918431935
0.049820122271387095,-0.007762622799583431,0.09799628883157754,0.06671763655606684,-0.02818969317661916,-0.02383562396380793,0.000899532246786651,-0.0045566612127791095,-0.0024763595096544337,0.001597216959422787
0.07442287485518306,-0.014904626652936669,0.07269639878954204,0.08428815235537315,-0.02966295227423994,-0.018936790905606952,0.008144626254713181,0.007870164023282753,0.00462964176129956,0.014113072410597048
0.08749551989139266,-0.015717348797158255,0.052609668609520543,0.08001994741478416,-0.032588506695635865,-0.023266329099144594,0.0019194560165664985,0.015075312802321593,0.012637572395536964,0.02198800559798227
0.06314882530748654,-0.018086620645537108,0.07159703175972482,0.07941002137015121,-0.007229650624931914,-0.016420388011671103,0.017328423252374534,0.025367601969445,-0.006026509603480814,0.00671864267613049
0.049490432724767365,-0.00038330871305305634,0.04588564092054556,0.022461017427581977,-0.04430517552253712,-0.031439499539708884,-0.01247774366180695,-0.028631274114843654,0.02270297087444697,0.012305234071129845
0.061197622775944004,-0.005634763400872007,0.07542941650696429,0.05881206354911743,-0.0493193346333653,-0.028086345465701417,-0.011365467030226034,-0.022436604506950758,0.01840041031827751,0.011568840539969481
0.07791043136746302,-0.01245745633922546,0.05688233932532417,0.07458729874759057,-0.035570524683437896,-0.034271576330737755,-0.0024734145713110186,0.007434920609729723,0.014713311163124795,0.022437257818543003
0.0909841476468733,-0.01623765239391464,0.04380036281826445,0.07183324807440843,-0.03654108474435753,-0.003486761154892098,0.00028036272319489447,-0.006717439385248886,0.02111488965746443,0.02448581243377356
-0.004984329477462128,0.013648278220636845,0.11363283821820873,-0.03056224705546076,-0.00719752588313798,-0.005057233385829993,-0.01191840028333965,-0.002086106366487472,-0.011090504551328388,-0.021499485498194214
0.03728851681046508,0.0005856448806157502,0.10342839031394357,0.038020404282582555,-0.04082543022945419,-0.018583003047042745,-0.010440162975804915,-0.019889201381255973,0.002175044780684656,-0.00796737462569676
0.022707109409754716,-0.02083919761217702,0.08547537095059646,0.04490903984214643,0.02938500154033361,-0.021218256400257,0.02274007552381649,0.024187947939090976,-0.015577253527462207,-0.009088369989467403
0.009122990577364055,-0.004080577947595079,0.04103378382525543,-0.024363411924467792,0.008560862527098674,-0.030484218634473637,0.033468686088051494,-0.016464806514746133,-0.0024645551605373367,0.005438045448704082
0.05769210453446658,-0.0011103038176366764,0.03866738478180878,0.005262261002808847,-0.04566106571637545,-0.01850225448167418,-0.020342972033325912,-0.0409613267820261,0.023015028996993748,0.004136686500319935
0.06653028855282994,-0.01358052011919671,0.07461200290748124,0.08113534585343637,-0.023850446869952704,-0.026033078308835434,0.010679422618346632,0.01406192253558124,-0.00018546354353588692,0.012457914245320527
0.04576328502163999,-0.016746887641561153,0.08265536964316388,0.06628934432944787,-0.00020856002860974944,-0.02672350192207736,0.016585153946972585,0.017810603945909175,-0.007513499591836588,0.0016656488568607966
0.05119294158026408,-0.003123046801124681,0.08819823085018536,0.04492538771162636,-0.04684422220096411,-0.012863438156274264,-0.009298887555548734,-0.028670531069542548,0.009609237822338662,0.0017254945800115908
0.11211550908905307,-0.01894378744892336,-0.0004437300026284387,0.035111890578423656,-0.023046069352970298,-0.023712517089713926,-0.014190577511664651,0.00035331811817918197,0.022521360498527914,0.028456225696803752
0.07381331672692133,-0.012150003340573059,0.02287029123292158,0.02621910373235499,-0.02262919061766761,-0.0343807308552418,0.007675017743971884,-0.023095433956435502,0.013222658368124448,0.02712542926499547
0.09447457545836077,-0.019626177461817603,0.042500462936538634,0.07731436313615209,-0.02365219155103314,-8.305135028588938e-05,0.0107908534847158,0.01596008779398767,0.008510922318655844,0.020327340080516832
0.0051143204371492945,-0.00772733258994053,0.10945301768535438,-0.0002133251616305803,0.023072500474343286,0.012395961434028968,-0.0025443456373400084,-0.02045243270675425,-0.025195087875626975,-0.012849612039419643
0.0621104632132402,-0.008273956269408501,0.05181907579661207,0.047269532674667415,-0.03889412647156836,0.013532497081578929,-0.0022496975454330656,-0.03052383481278774,0.0173197257396994,0.006375995383367336
0.1072850628143543,-0.02543546817228445,-0.005940445975794993,0.034275063939352965,-0.005888367263071987,0.0621797741271864,0.021837713579200432,-0.014395867993044893,0.006278220615305467,0.010952694672463474
0.036100929199969954,-0.003868953718951302,0.06608377022295434,0.02952296098164058,-0.05003334678386549,0.007334283623199375,-0.009625529613324569,-0.037161280805378734,0.013298599444419527,-0.003183332212262048
0.04615043927477436,-0.009605281501630638,0.08438530624277159,0.06659199003110944,-0.028240484228583943,-0.01740168045754656,0.005134324803448168,-0.0027070876566092014,0.001022770106495688,-0.0005957678025511427
0.04779009763011858,-0.00014506798993723705,0.05893294070595773,0.02272775176809944,-0.04890339574720314,-0.00045805042203412373,-0.014403202181460795,-0.04057404323303159,0.020878521753289105,-0.0019869918580217314
0.068339058179689,-0.009770318612492777,0.07039161864807959,0.0716205793910069,-0.038450592253784124,-0.03676516933896748,-0.0012224607002580725,0.00037415132104460125,0.01099609979702694,0.01563618513326564
0.0842549635181502,-0.017750894626744854,-0.03359051471546533,-0.02180682569442602,0.00684124334612194,0.013282613442350641,0.03331152955897925,-0.03702720918530348,-0.0030377002899252986,0.01596654950402847
0.055394074816839334,-0.031582541593022935,-0.011645950985357735,-0.002092464875724302,0.018852699975518424,0.049665092487073355,0.04190486986745539,-0.028179529213906884,-0.004585933188984163,0.006666410668055944
0.13978488043881973,-0.02634374560130362,-0.06152868330902117,-0.017560110272431345,0.008425889998910982,0.014253720651759241,-0.012760807166140854,0.004116148575416097,0.010163869266591857,0.00510039269022858
0.10650643329661845,-0.018677429355243136,-0.012706971759696867,0.013351934476436147,-0.01606648715280925,-0.012514127589647041,-0.007859090396805988,-0.01913259962058873,0.019431230326645354,0.025991388984889216
0.11848824388561893,-0.02435923900812585,-0.01008883155156909,0.04122196608093089,-0.011350099439149003,0.031160613611288822,0.003147509341525633,0.010586668209384226,0.016044543855368878,0.017693055506284337
0.11904067996497641,-0.018439642297979782,-0.06723751955248244,-0.04767080219317722,0.01481753639403898,-0.03378875319205123,-0.0148242310036758,-0.008891702489150777,-0.0049450097574702855,-0.0006513553284090124
0.14309454563551832,-0.0259967433656639,-0.06584385223304408,-0.020847713374864633,0.00964522574587983,0.009519619527713533,-0.019454465970534327,0.01166193610487744,0.009242739604651549,0.0010089143442977564
0.032151880270708616,0.01485569825166067,-0.04532061413574149,-0.04035432139468938,0.009107621363622396,-0.05270380676698888,0.047537243865256096,-0.0293647225365025,-0.014529702864864505,0.009911981249155972
0.09621643571953481,-0.015169750195367706,-0.054568007157218594,-0.038643155045711565,0.013705737517168356,-0.004820598655503448,0.024003888442574426,-0.02469379842203304,-0.008560848099685074,0.005074719050501143
0.12101497491726476,-0.019848864366891303,-0.028107344156929965,0.0050714034707630435,-0.011325222428613427,-0.028745967452452552,-0.01727512161244657,-0.00474672547497533,0.017987385315521184,0.023650335056730205
0.04109275601315351,0.004474295711732121,-0.028976961549631454,-0.04479941647372988,-0.0014440167811289178,-0.05429464928401549,0.044336930388199636,-0.03771159018349286,-0.00824891248371597,0.0208378017321823
0.11262528428073634,-0.017603856175972866,-0.03384200572545899,-0.01407274567928299,-0.005625641352775905,-0.04211939868610494,-0.010249388896081239,-0.014170629012969612,0.010118415744993822,0.021026191929517792
0.027300057619795138,0.013523002971171654,-0.03215949888313641,-0.04160506480500341,0.00044545532353294483,-0.056527524902737596,0.0529617908235129,-0.032638288368981576,-0.011658074806363895,0.014627374656647377
0.12083171031647194,-0.019236058754526865,-0.0637658841841654,-0.043486752869430365,0.010986426104679937,-0.033770610039027,-0.021988364344805025,-0.009340061093037217,0.0002917865092627551,0.001546927750665638
0.08099442156321125,-0.018908116451095913,0.035153276827191694,0.06413326828973032,-0.008462401095864018,-0.007288145431942715,0.01713054063503919,0.03233864891738682,-0.0031063570387460026,0.008978604772116316
0.09156283330115648,-0.011535641711334766,-0.038424929484943096,-0.038248630218784024,0.00024127081854951544,-0.05858393082149491,-0.012473068949226347,-0.02192456037180146,-0.0005231158874825777,0.010842693205599756
0.0793255544806033,-0.008791274561896975,-0.014714673091092263,-0.020350633734877718,-0.010500724020365011,-0.05976328644351288,-0.007434613385653868,-0.025526162358215445,0.00451647096465485,0.017087100921124296
0.12317819331169759,-0.025520253798189715,-0.05819891306626621,-0.012700533297998145,0.014726339747399515,0.0665515185070353,0.005961813919627268,0.00588286361198984,0.0022668023150447347,-0.01219262571993
0.12993509623196378,-0.025143707985144065,-0.05209879162917749,-0.0010958512431492697,0.0052030587016500054,0.04800469868649563,-0.007990108605441165,0.010945614941067812,0.013329568969238132,-0.0005241423006083403
0.09611498321392492,-0.017784204974119457,-0.021414422606080626,0.01416663871983276,-0.011116138715732509,0.05166081533099404,-0.0015291841796960708,-0.0172215544129801,0.020128301942799222,0.0037429507977437618
0.1285574527640838,-0.02400434994026996,-0.0624614968882626,-0.02339899379559822,0.011336510230140763,0.025296677922814426,-0.010385589983879121,0.0001707374874094279,0.008325413352649443,-0.0017559507785857421
0.14112179132448213,-0.02536057591517373,-0.05883315345413513,-0.014733320403910176,0.0045420141016074425,0.002723730596851388,-0.018965542114169773,0.00441273310181237,0.013327967499699729,0.009182315918670778
-0.008950485133018852,0.007212632049744513,0.0483650048905805,-0.026200440805691904,-0.060189899008749395,0.013448980612856133,-0.01116629897164417,-0.028812871749312158,0.002352864734797759,-0.009621396006604284
0.12313583236932742,-0.020093066655969563,-0.0699778789102299,-0.0454860821495941,0.016521889813222276,-0.02063262246058502,-0.02395711056012672,0.0027299876410353174,-0.0028842631263345676,-0.00836906929976709
0.12821552126087424,-0.021144449373007065,-0.05389092767456775,-0.022221904330174704,0.0016534749357854552,-0.02553797153085293,-0.02896008852531933,0.00025944819241986456,0.01139378492343927,0.008711036313681843
0.11997706959848027,-0.01995679653991798,-0.019421758748462758,0.014962926463842842,-0.015794219689687836,-0.028435050570570445,-0.018116151197367213,-0.0036992956954061385,0.020710659793328777,0.026007333643643105
0.10491958535718729,-0.024271462834847112,-0.018884292532773374,0.021588561712387943,-0.0010790916913034864,0.06956615342725812,0.017602169763207443,-0.012161780288899186,0.007838435744267002,0.008097756467503374
0.13704549650718142,-0.023531009636173845,-0.06066362927545641,-0.023472582654571802,0.005968848124857826,-0.017458464816491347,-0.026183267280381815,0.005951782248913026,0.009467713217570466,0.006777390306449382
0.11771049809353448,-0.025492386353274187,-0.014733569092981248,0.03606200474338636,-0.0073872252494773145,0.04477506311044132,0.008570992538496601,0.005571831801878274,0.014184604404806813,0.015496508207094932
0.08955685852063702,-0.010594497547573639,-0.02833058019862409,-0.028346021927083867,-0.008503239132763287,-0.05302241058537283,-0.019123499915864855,-0.024639722129271704,0.006721844477620557,0.011449694666154576
0.08511565596320429,-0.025623929723349044,-0.020715650222478947,0.013109778354754466,0.007767513446170975,0.07953287812665313,0.030815497528417037,-0.013703286272354575,-0.006244272025601904,-0.0008945393383975984
0.08151747698093942,-0.018595664967094715,0.006124981300874422,0.03424925147773604,-0.017026063438784454,0.0562029468168372,0.009896881951587201,-0.02162142972754274,0.012722146746128827,0.004128608888230392
0.06831860599635663,-0.028026139745275,0.005587616620409399,0.03143787715799497,-0.01261192911338744,0.0658035856223232,0.024170048626415534,-0.023029435749668196,-0.002212026400407322,0.007233082946611333
0.1265370293536017,-0.026494148233516344,-0.05770177091236522,-0.010677269557510577,0.013087778056110867,0.0667801131936048,0.005274804374239133,0.0032615953979632456,0.004161319029024333,-0.009494343785375396
0.12755343897074256,-0.026782281537869743,-0.054761904222727045,-0.007920543113628045,0.010418246116953613,0.06346255483390435,0.008656129894725684,-0.003941706289239231,0.005894523223994112,-0.002362496024375577
0.11144507108581621,-0.024257024526667805,-0.004469984619777481,0.046937465499935285,-0.011058426409514764,0.0526463432626961,0.013078018708594416,0.0076178442119987965,0.01306302524184933,0.012455671008359584
0.0978506254766938,-0.01597404613005161,-0.004666797888027831,0.021597408056147602,-0.023689752451646447,0.0167068278275154,-0.012638598718508693,-0.021705116312169998,0.02583914764937625,0.013455933308394867
0.1318565340571846,-0.02541660634902872,-0.0466682977414865,-6.0997321576744006e-05,-0.0006169784925653503,0.03290050468912319,-0.0038919321168525826,-0.006227546839402489,0.016125525990023697,0.010723375131037868
0.048851657937532704,-0.019056688922681368,0.022320851187965954,0.011871530232356625,-0.012042803844787309,0.05802206739447176,0.022735564542166253,-0.04169971180230559,-0.003780225370593826,0.009615616588267019
